Order_ID,Order_Date,Month,Month_No,Customer_ID,State,Sales_Channel,Category,Product,Quantity,Unit_Price_INR,Discount_Pct,Gross_Sales_INR,Discount_Amount_INR,Net_Sales_INR,Cost_INR,Profit_INR,Profit_Margin_Pct,Payment_Method
ORD0001,2025-04-13,April,4,CUST0021,Karnataka,Retail Store,Clothing,Jacket,5,1508.89,0.2,7544.450000000001,1508.8900000000003,6035.56,3319.5580000000004,2716.002,44.99999999999999,Debit Card
ORD0002,2025-03-29,March,3,CUST0258,Tamil Nadu,Retail Store,Beauty,Shampoo,4,671.46,0.15,2685.84,402.87600000000003,2282.964,1187.14128,1095.82272,48.0,Cash
ORD0003,2025-10-04,October,10,CUST0049,Telangana,Marketplace,Electronics,Headphones,4,42864.23,0.0,171456.92,0.0,171456.92,133736.39760000003,37720.52239999999,21.999999999999993,Cash
ORD0004,2025-02-24,February,2,CUST0021,West Bengal,Marketplace,Clothing,Jeans,1,755.48,0.15,755.48,113.322,642.158,353.18690000000004,288.9711,44.99999999999999,Cash
ORD0005,2025-03-30,March,3,CUST0053,Delhi,Marketplace,Clothing,Sneakers,6,4946.19,0.1,29677.14,2967.714,26709.426,14690.1843,12019.241699999999,44.99999999999999,Cash
ORD0006,2025-09-21,September,9,CUST0002,Rajasthan,Retail Store,Office Supplies,Printer Paper,6,1038.55,0.05,6231.299999999999,311.565,5919.735,3433.4462999999996,2486.2887,42.00000000000001,Cash
ORD0007,2025-11-06,November,11,CUST0202,Uttar Pradesh,Retail Store,Beauty,Perfume,7,2979.54,0.1,20856.78,2085.678,18771.102,9760.973039999999,9010.12896,48.00000000000001,UPI
ORD0008,2025-07-09,July,7,CUST0217,West Bengal,Online,Beauty,Sunscreen,5,1095.45,0.2,5477.25,1095.45,4381.8,2278.536,2103.264,48.0,UPI
ORD0009,2025-12-11,December,12,CUST0139,Maharashtra,Online,Electronics,Headphones,1,19326.79,0.0,19326.79,0.0,19326.79,15074.896200000001,4251.8938,21.999999999999996,Debit Card
ORD0010,2025-10-16,October,10,CUST0028,Karnataka,Online,Office Supplies,Stapler,5,2323.12,0.15,11615.599999999999,1742.3399999999997,9873.259999999998,5726.490799999999,4146.7692,42.00000000000001,Credit Card
ORD0011,2025-02-02,February,2,CUST0035,Madhya Pradesh,Marketplace,Grocery,Coffee,5,889.05,0.15,4445.25,666.7875,3778.4625,2720.493,1057.9695000000002,28.000000000000004,Debit Card
ORD0012,2025-09-14,September,9,CUST0283,West Bengal,Marketplace,Beauty,Shampoo,2,978.75,0.05,1957.5,97.875,1859.625,967.005,892.62,48.0,Credit Card
ORD0013,2025-06-28,June,6,CUST0231,Uttar Pradesh,Online,Electronics,Headphones,4,40106.71,0.15,160426.84,24064.025999999998,136362.814,106362.99492000001,29999.81908,21.999999999999996,Debit Card
ORD0014,2025-03-27,March,3,CUST0134,Uttar Pradesh,Retail Store,Clothing,Jacket,2,3933.95,0.05,7867.9,393.395,7474.504999999999,4110.97775,3363.527249999999,44.99999999999999,Credit Card
ORD0015,2025-12-14,December,12,CUST0283,West Bengal,Online,Electronics,Laptop,7,59689.22,0.05,417824.54000000004,20891.227000000003,396933.313,309607.98414,87325.32886000001,22.0,Debit Card
ORD0016,2025-12-25,December,12,CUST0234,Tamil Nadu,Marketplace,Grocery,Biscuits,3,530.02,0.05,1590.06,79.503,1510.557,1087.60104,422.95596,28.000000000000004,UPI
ORD0017,2025-06-29,June,6,CUST0295,Delhi,Marketplace,Electronics,Laptop,6,63391.58,0.3,380349.48,114104.844,266244.636,207670.81608000002,58573.81991999998,21.999999999999993,Net Banking
ORD0018,2025-04-23,April,4,CUST0054,Karnataka,Online,Electronics,Laptop,3,42745.17,0.1,128235.51,12823.551,115411.959,90021.32802,25390.63098,22.0,UPI
ORD0019,2025-05-06,May,5,CUST0247,Uttar Pradesh,Marketplace,Furniture,Bookshelf,5,13512.69,0.3,67563.45,20269.035,47294.41499999999,32160.2022,15134.212799999994,31.99999999999999,Debit Card
ORD0020,2025-09-12,September,9,CUST0240,Madhya Pradesh,Online,Grocery,Tea,5,777.15,0.15,3885.75,582.8625,3302.8875,2378.0789999999997,924.8085000000001,28.000000000000004,Debit Card
ORD0021,2025-11-22,November,11,CUST0147,Uttar Pradesh,Marketplace,Beauty,Perfume,3,2149.95,0.15,6449.849999999999,967.4774999999998,5482.3724999999995,2850.8336999999997,2631.5388,48.0,UPI
ORD0022,2025-05-08,May,5,CUST0151,Telangana,Marketplace,Furniture,Table,1,17703.03,0.15,17703.03,2655.4545,15047.575499999999,10232.35134,4815.22416,32.0,Credit Card
ORD0023,2025-04-22,April,4,CUST0254,Gujarat,Online,Electronics,Headphones,4,38190.08,0.05,152760.32,7638.0160000000005,145122.304,113195.39712000001,31926.906879999995,21.999999999999996,UPI
ORD0024,2025-08-21,August,8,CUST0152,Rajasthan,Online,Office Supplies,Stapler,3,1842.29,0.25,5526.87,1381.7175,4145.1525,2404.18845,1740.96405,42.0,Debit Card
ORD0025,2025-04-23,April,4,CUST0112,West Bengal,Marketplace,Clothing,T-Shirt,6,4179.44,0.15,25076.64,3761.4959999999996,21315.144,11723.329200000002,9591.814799999998,44.99999999999999,Net Banking
ORD0026,2025-12-04,December,12,CUST0161,Uttar Pradesh,Online,Furniture,Cabinet,6,12589.54,0.3,75537.24,22661.172000000002,52876.068,35955.72624,16920.341759999996,31.99999999999999,Cash
ORD0027,2025-05-15,May,5,CUST0022,Rajasthan,Retail Store,Office Supplies,File Folder,1,839.35,0.1,839.35,83.935,755.415,438.1406999999999,317.27430000000004,42.00000000000001,Debit Card
ORD0028,2025-09-21,September,9,CUST0284,Madhya Pradesh,Online,Office Supplies,Stapler,3,2007.55,0.1,6022.65,602.265,5420.384999999999,3143.8232999999996,2276.5616999999997,42.0,Net Banking
ORD0029,2025-10-31,October,10,CUST0017,Gujarat,Retail Store,Office Supplies,Pen Set,4,158.36,0.15,633.44,95.016,538.4240000000001,312.28592000000003,226.13808000000006,42.00000000000001,Cash
ORD0030,2025-08-21,August,8,CUST0099,Madhya Pradesh,Marketplace,Beauty,Sunscreen,5,1613.01,0.3,8065.05,2419.515,5645.535,2935.6782,2709.8568,48.00000000000001,Net Banking
ORD0031,2025-06-10,June,6,CUST0058,Maharashtra,Retail Store,Office Supplies,Printer Paper,2,1436.32,0.25,2872.64,718.16,2154.48,1249.5983999999999,904.8816000000002,42.00000000000001,Credit Card
ORD0032,2025-05-07,May,5,CUST0299,Rajasthan,Marketplace,Office Supplies,File Folder,2,2205.7,0.15,4411.4,661.7099999999999,3749.6899999999996,2174.8201999999997,1574.8698,42.00000000000001,Credit Card
ORD0033,2025-09-04,September,9,CUST0036,Uttar Pradesh,Online,Furniture,Table,3,8264.66,0.15,24793.98,3719.0969999999998,21074.883,14330.920440000002,6743.96256,31.999999999999996,Debit Card
ORD0034,2025-05-23,May,5,CUST0051,West Bengal,Retail Store,Clothing,Formal Shirt,2,1016.9,0.15,2033.8,305.07,1728.73,950.8015,777.9285,45.0,Credit Card
ORD0035,2025-02-27,February,2,CUST0054,Gujarat,Online,Grocery,Coffee,1,92.95,0.2,92.95,18.59,74.36,53.5392,20.8208,27.999999999999996,Cash
ORD0036,2025-04-18,April,4,CUST0047,Maharashtra,Marketplace,Beauty,Perfume,7,481.65,0.0,3371.5499999999997,0.0,3371.5499999999997,1753.206,1618.3439999999998,48.0,Net Banking
ORD0037,2025-05-04,May,5,CUST0275,Telangana,Marketplace,Furniture,Desk,6,3424.02,0.1,20544.12,2054.412,18489.708,12573.00144,5916.706559999999,31.999999999999996,Net Banking
ORD0038,2025-04-27,April,4,CUST0129,Telangana,Retail Store,Grocery,Rice,7,542.56,0.15,3797.9199999999996,569.6879999999999,3228.232,2324.3270399999997,903.9049600000003,28.000000000000007,Credit Card
ORD0039,2025-04-06,April,4,CUST0272,Karnataka,Marketplace,Grocery,Coffee,6,871.79,0.15,5230.74,784.611,4446.129,3201.2128799999996,1244.9161200000003,28.000000000000007,Net Banking
ORD0040,2025-09-04,September,9,CUST0086,West Bengal,Online,Office Supplies,Stapler,4,1458.49,0.05,5833.96,291.69800000000004,5542.262,3214.51196,2327.75004,42.0,Net Banking
ORD0041,2025-02-16,February,2,CUST0204,Telangana,Retail Store,Electronics,Keyboard,6,56761.25,0.15,340567.5,51085.125,289482.375,225796.2525,63686.1225,22.0,Cash
ORD0042,2025-10-16,October,10,CUST0246,Gujarat,Retail Store,Grocery,Tea,6,797.24,0.0,4783.4400000000005,0.0,4783.4400000000005,3444.0768000000003,1339.3632000000002,28.000000000000004,Credit Card
ORD0043,2025-09-07,September,9,CUST0004,Tamil Nadu,Marketplace,Office Supplies,Printer Paper,2,1302.5,0.1,2605.0,260.5,2344.5,1359.81,984.69,42.00000000000001,UPI
ORD0044,2025-06-09,June,6,CUST0033,Madhya Pradesh,Online,Office Supplies,Pen Set,4,1481.14,0.1,5924.56,592.456,5332.104,3092.62032,2239.4836800000003,42.00000000000001,Debit Card
ORD0045,2025-04-11,April,4,CUST0043,Delhi,Online,Clothing,Jacket,3,5012.35,0.15,15037.050000000001,2255.5575,12781.4925,7029.820875,5751.671625,45.0,Credit Card
ORD0046,2025-02-04,February,2,CUST0090,Delhi,Marketplace,Electronics,Laptop,2,26181.61,0.2,52363.22,10472.644,41890.576,32674.64928,9215.92672,21.999999999999996,Cash
ORD0047,2025-11-10,November,11,CUST0217,Gujarat,Online,Beauty,Face Wash,2,2275.51,0.25,4551.02,1137.755,3413.2650000000003,1774.8978000000002,1638.3672000000001,48.0,Cash
ORD0048,2025-12-23,December,12,CUST0096,Tamil Nadu,Marketplace,Electronics,Keyboard,3,64458.79,0.1,193376.37,19337.637,174038.733,135750.21174,38288.52126000001,22.000000000000004,Cash
ORD0049,2025-07-02,July,7,CUST0273,Madhya Pradesh,Retail Store,Beauty,Perfume,7,2689.99,0.0,18829.93,0.0,18829.93,9791.563600000001,9038.366399999999,47.99999999999999,UPI
ORD0050,2025-12-08,December,12,CUST0233,Maharashtra,Online,Beauty,Perfume,3,529.95,0.0,1589.8500000000001,0.0,1589.8500000000001,826.7220000000001,763.128,48.0,Cash
ORD0051,2025-12-05,December,12,CUST0025,Uttar Pradesh,Marketplace,Furniture,Cabinet,7,4373.9,0.0,30617.299999999996,0.0,30617.299999999996,20819.764,9797.535999999996,31.999999999999996,Cash
ORD0052,2025-02-22,February,2,CUST0223,Telangana,Online,Electronics,Headphones,7,13198.75,0.1,92391.25,9239.125,83152.125,64858.6575,18293.4675,21.999999999999996,Net Banking
ORD0053,2025-08-23,August,8,CUST0253,Rajasthan,Marketplace,Office Supplies,File Folder,2,2424.76,0.15,4849.52,727.428,4122.092000000001,2390.81336,1731.2786400000005,42.00000000000001,Credit Card
ORD0054,2025-10-10,October,10,CUST0136,Madhya Pradesh,Retail Store,Furniture,Table,2,4330.35,0.0,8660.7,0.0,8660.7,5889.276000000001,2771.424,31.999999999999996,UPI
ORD0055,2025-11-23,November,11,CUST0275,Rajasthan,Marketplace,Electronics,Headphones,5,50942.56,0.1,254712.8,25471.28,229241.52,178808.3856,50433.13439999998,21.999999999999993,Credit Card
ORD0056,2025-12-12,December,12,CUST0242,Telangana,Online,Office Supplies,Notebook,7,1142.68,0.05,7998.76,399.93800000000005,7598.822,4407.31676,3191.5052400000004,42.00000000000001,UPI
ORD0057,2025-12-14,December,12,CUST0117,Rajasthan,Retail Store,Grocery,Tea,1,481.1,0.05,481.1,24.055000000000003,457.045,329.0724,127.9726,27.999999999999996,Net Banking
ORD0058,2025-06-09,June,6,CUST0213,Gujarat,Marketplace,Beauty,Moisturizer,5,1264.87,0.0,6324.349999999999,0.0,6324.349999999999,3288.662,3035.6879999999996,48.0,Cash
ORD0059,2025-02-16,February,2,CUST0054,Rajasthan,Marketplace,Electronics,Laptop,1,47657.68,0.1,47657.68,4765.768,42891.912,33455.69136,9436.22064,22.0,Debit Card
ORD0060,2025-01-12,January,1,CUST0008,Telangana,Retail Store,Furniture,Desk,6,12752.28,0.15,76513.68000000001,11477.052000000001,65036.628000000004,44224.907040000006,20811.72096,31.999999999999996,Cash
ORD0061,2025-06-27,June,6,CUST0145,West Bengal,Online,Clothing,Formal Shirt,4,2481.9,0.05,9927.6,496.38000000000005,9431.220000000001,5187.171000000001,4244.049,44.99999999999999,Cash
ORD0062,2025-08-08,August,8,CUST0082,Maharashtra,Online,Beauty,Face Wash,5,3206.06,0.2,16030.3,3206.06,12824.24,6668.6048,6155.6352,48.0,Credit Card
ORD0063,2025-01-10,January,1,CUST0289,Rajasthan,Online,Grocery,Cooking Oil,2,684.33,0.05,1368.66,68.433,1300.227,936.16344,364.06356000000005,28.000000000000004,UPI
ORD0064,2025-09-24,September,9,CUST0283,Madhya Pradesh,Online,Beauty,Face Wash,2,1456.94,0.3,2913.88,874.164,2039.7160000000001,1060.6523200000001,979.06368,48.0,Credit Card
ORD0065,2025-04-15,April,4,CUST0006,Madhya Pradesh,Online,Office Supplies,File Folder,7,756.18,0.0,5293.259999999999,0.0,5293.259999999999,3070.0907999999995,2223.1692,42.00000000000001,Debit Card
ORD0066,2025-01-23,January,1,CUST0145,Gujarat,Retail Store,Beauty,Face Wash,5,3317.73,0.2,16588.65,3317.7300000000005,13270.920000000002,6900.878400000001,6370.0416000000005,48.0,UPI
ORD0067,2025-02-20,February,2,CUST0288,Delhi,Marketplace,Beauty,Shampoo,5,883.85,0.25,4419.25,1104.8125,3314.4375,1723.5075000000002,1590.9299999999998,47.99999999999999,Credit Card
ORD0068,2025-06-11,June,6,CUST0054,Gujarat,Retail Store,Grocery,Biscuits,6,1006.08,0.1,6036.4800000000005,603.648,5432.832,3911.63904,1521.1929600000003,28.000000000000004,UPI
ORD0069,2025-04-22,April,4,CUST0103,Rajasthan,Retail Store,Beauty,Shampoo,5,2309.89,0.2,11549.449999999999,2309.89,9239.56,4804.5712,4434.988799999999,47.99999999999999,Credit Card
ORD0070,2025-12-04,December,12,CUST0249,Rajasthan,Online,Grocery,Tea,7,553.1,0.25,3871.7000000000003,967.9250000000001,2903.775,2090.718,813.0570000000002,28.000000000000007,Credit Card
ORD0071,2025-02-20,February,2,CUST0273,Uttar Pradesh,Online,Electronics,Smartphone,5,53398.89,0.1,266994.45,26699.445000000003,240295.005,187430.10390000002,52864.90109999999,21.999999999999993,Net Banking
ORD0072,2025-07-24,July,7,CUST0111,West Bengal,Marketplace,Grocery,Biscuits,3,716.6,0.1,2149.8,214.98000000000002,1934.8200000000002,1393.0704,541.7496000000001,28.000000000000004,Cash
ORD0073,2025-12-26,December,12,CUST0093,Delhi,Online,Clothing,Jeans,1,5432.34,0.1,5432.34,543.234,4889.106,2689.0083,2200.0977,44.99999999999999,Debit Card
ORD0074,2025-10-04,October,10,CUST0001,Gujarat,Online,Beauty,Perfume,2,1119.35,0.05,2238.7,111.935,2126.765,1105.9178,1020.8471999999999,48.0,Credit Card
ORD0075,2025-02-15,February,2,CUST0073,Telangana,Online,Furniture,Office Chair,1,13826.89,0.15,13826.89,2074.0335,11752.8565,7991.94242,3760.9140799999996,31.999999999999996,Debit Card
ORD0076,2025-11-15,November,11,CUST0113,Maharashtra,Online,Beauty,Perfume,1,1113.7,0.2,1113.7,222.74,890.96,463.29920000000004,427.6608,48.0,Credit Card
ORD0077,2025-01-28,January,1,CUST0007,Maharashtra,Marketplace,Grocery,Biscuits,2,909.59,0.0,1819.18,0.0,1819.18,1309.8096,509.3704,28.000000000000004,Cash
ORD0078,2025-10-01,October,10,CUST0119,Gujarat,Retail Store,Furniture,Office Chair,6,14483.89,0.05,86903.34,4345.167,82558.173,56139.55764,26418.615359999996,31.999999999999996,UPI
ORD0079,2025-08-19,August,8,CUST0013,Uttar Pradesh,Online,Grocery,Tea,2,665.64,0.05,1331.28,66.56400000000001,1264.716,910.5955199999999,354.12048000000004,28.000000000000007,Credit Card
ORD0080,2025-03-08,March,3,CUST0034,Tamil Nadu,Online,Electronics,Monitor,5,35336.18,0.15,176680.9,26502.135,150178.76499999998,117139.43669999999,33039.328299999994,21.999999999999996,Debit Card
ORD0081,2025-02-11,February,2,CUST0226,Tamil Nadu,Marketplace,Electronics,Keyboard,5,28695.69,0.15,143478.44999999998,21521.767499999998,121956.68249999998,95126.21234999999,26830.470149999994,21.999999999999996,Net Banking
ORD0082,2025-10-16,October,10,CUST0112,Uttar Pradesh,Retail Store,Beauty,Moisturizer,6,943.6,0.1,5661.6,566.1600000000001,5095.4400000000005,2649.6288000000004,2445.8112,48.0,UPI
ORD0083,2025-09-04,September,9,CUST0223,Rajasthan,Retail Store,Office Supplies,Stapler,3,143.78,0.15,431.34000000000003,64.70100000000001,366.639,212.65062,153.98838,42.0,Cash
ORD0084,2025-03-16,March,3,CUST0062,West Bengal,Retail Store,Clothing,Jacket,7,4993.9,0.05,34957.299999999996,1747.8649999999998,33209.435,18265.18925,14944.245749999998,44.99999999999999,Credit Card
ORD0085,2025-06-22,June,6,CUST0275,Uttar Pradesh,Online,Clothing,Sneakers,5,1528.74,0.1,7643.7,764.37,6879.33,3783.6315000000004,3095.6984999999995,44.99999999999999,UPI
ORD0086,2025-05-20,May,5,CUST0139,Uttar Pradesh,Online,Electronics,Headphones,2,51763.43,0.0,103526.86,0.0,103526.86,80750.9508,22775.909199999995,21.999999999999993,Debit Card
ORD0087,2025-06-10,June,6,CUST0138,Delhi,Online,Grocery,Cooking Oil,2,572.41,0.1,1144.82,114.482,1030.338,741.84336,288.49464,28.000000000000004,Cash
ORD0088,2025-11-17,November,11,CUST0038,Karnataka,Marketplace,Beauty,Face Wash,1,2708.75,0.15,2708.75,406.3125,2302.4375,1197.2675,1105.17,48.00000000000001,Net Banking
ORD0089,2025-11-14,November,11,CUST0137,Delhi,Marketplace,Clothing,Jacket,4,2746.85,0.25,10987.4,2746.85,8240.55,4532.3025,3708.2474999999995,44.99999999999999,UPI
ORD0090,2025-10-23,October,10,CUST0229,Maharashtra,Online,Grocery,Coffee,4,1018.1,0.05,4072.4,203.62,3868.78,2785.5216,1083.2584000000002,28.000000000000004,Net Banking
ORD0091,2025-12-05,December,12,CUST0237,Telangana,Online,Office Supplies,Printer Paper,6,1355.36,0.1,8132.16,813.216,7318.9439999999995,4244.98752,3073.95648,42.0,Debit Card
ORD0092,2025-05-05,May,5,CUST0153,Madhya Pradesh,Online,Grocery,Cooking Oil,1,909.75,0.1,909.75,90.97500000000001,818.775,589.5179999999999,229.25700000000006,28.000000000000007,Net Banking
ORD0093,2025-04-14,April,4,CUST0179,Tamil Nadu,Retail Store,Office Supplies,Stapler,7,380.56,0.25,2663.92,665.98,1997.94,1158.8052,839.1348,42.0,Net Banking
ORD0094,2025-10-16,October,10,CUST0038,West Bengal,Online,Clothing,Formal Shirt,6,5416.41,0.2,32498.46,6499.692,25998.768,14299.322400000001,11699.4456,44.99999999999999,Net Banking
ORD0095,2025-10-16,October,10,CUST0123,Telangana,Online,Grocery,Coffee,4,705.37,0.2,2821.48,564.296,2257.184,1625.1724800000002,632.01152,27.999999999999996,Cash
ORD0096,2025-12-31,December,12,CUST0047,Uttar Pradesh,Online,Clothing,Jeans,7,4885.12,0.05,34195.84,1709.792,32486.047999999995,17867.326399999998,14618.721599999997,44.99999999999999,Debit Card
ORD0097,2025-04-05,April,4,CUST0283,Gujarat,Marketplace,Office Supplies,Printer Paper,3,1457.22,0.15,4371.66,655.7489999999999,3715.911,2155.22838,1560.68262,42.0,Credit Card
ORD0098,2025-10-29,October,10,CUST0210,West Bengal,Online,Office Supplies,Stapler,4,2288.45,0.05,9153.8,457.69,8696.109999999999,5043.743799999999,3652.3661999999995,42.0,Debit Card
ORD0099,2025-12-22,December,12,CUST0106,Madhya Pradesh,Marketplace,Clothing,Jeans,5,5573.75,0.15,27868.75,4180.3125,23688.4375,13028.640625000002,10659.796874999998,44.99999999999999,UPI
ORD0100,2025-02-20,February,2,CUST0257,Gujarat,Online,Beauty,Shampoo,6,3283.41,0.25,19700.46,4925.115,14775.345,7683.1794,7092.165599999999,48.0,Cash
ORD0101,2025-07-01,July,7,CUST0149,West Bengal,Online,Electronics,Laptop,1,57584.09,0.1,57584.09,5758.409,51825.681,40424.03118,11401.649819999999,22.0,Credit Card
ORD0102,2025-11-09,November,11,CUST0025,Telangana,Marketplace,Beauty,Shampoo,2,1300.55,0.1,2601.1,260.11,2340.99,1217.3147999999999,1123.6752,48.0,Credit Card
ORD0103,2025-12-13,December,12,CUST0182,Tamil Nadu,Online,Electronics,Monitor,3,9872.26,0.25,29616.78,7404.195,22212.585,17325.8163,4886.7687000000005,22.000000000000004,Net Banking
ORD0104,2025-12-10,December,12,CUST0154,Delhi,Online,Electronics,Laptop,1,52488.26,0.05,52488.26,2624.4130000000005,49863.847,38893.80066,10970.04634,22.0,UPI
ORD0105,2025-03-25,March,3,CUST0063,Tamil Nadu,Online,Electronics,Laptop,1,39766.41,0.2,39766.41,7953.282000000001,31813.128000000004,24814.239840000006,6998.888159999999,21.999999999999993,Net Banking
ORD0106,2025-08-03,August,8,CUST0158,Madhya Pradesh,Online,Office Supplies,File Folder,3,2019.48,0.1,6058.4400000000005,605.844,5452.5960000000005,3162.50568,2290.0903200000002,42.0,Debit Card
ORD0107,2025-01-18,January,1,CUST0113,Delhi,Retail Store,Electronics,Headphones,6,48701.37,0.1,292208.22000000003,29220.822000000004,262987.39800000004,205130.17044000005,57857.22756,21.999999999999996,Cash
ORD0108,2025-09-21,September,9,CUST0162,Madhya Pradesh,Marketplace,Beauty,Perfume,7,3322.18,0.1,23255.26,2325.526,20929.733999999997,10883.461679999999,10046.272319999998,48.0,Credit Card
ORD0109,2025-12-15,December,12,CUST0255,Tamil Nadu,Retail Store,Electronics,Laptop,1,20652.41,0.05,20652.41,1032.6205,19619.7895,15303.435809999999,4316.35369,22.0,Net Banking
ORD0110,2025-03-08,March,3,CUST0291,Tamil Nadu,Retail Store,Office Supplies,Pen Set,1,1436.13,0.15,1436.13,215.4195,1220.7105000000001,708.0120900000001,512.6984100000001,42.00000000000001,Cash
ORD0111,2025-06-14,June,6,CUST0007,Telangana,Marketplace,Grocery,Rice,5,517.35,0.1,2586.75,258.675,2328.075,1676.2139999999997,651.8610000000001,28.000000000000007,Net Banking
ORD0112,2025-05-27,May,5,CUST0002,Madhya Pradesh,Marketplace,Beauty,Sunscreen,3,2124.04,0.1,6372.12,637.212,5734.907999999999,2982.1521599999996,2752.75584,48.00000000000001,Cash
ORD0113,2025-01-11,January,1,CUST0020,Gujarat,Online,Furniture,Office Chair,7,11043.08,0.15,77301.56,11595.233999999999,65706.326,44680.301680000004,21026.024319999997,31.999999999999996,Credit Card
ORD0114,2025-02-22,February,2,CUST0280,Madhya Pradesh,Retail Store,Clothing,Jacket,3,5716.49,0.2,17149.47,3429.8940000000002,13719.576000000001,7545.766800000001,6173.8092,44.99999999999999,UPI
ORD0115,2025-04-25,April,4,CUST0281,Karnataka,Online,Electronics,Headphones,6,50276.16,0.15,301656.96,45248.544,256408.41600000003,199998.56448000003,56409.85152,21.999999999999996,Cash
ORD0116,2025-06-03,June,6,CUST0075,Rajasthan,Retail Store,Furniture,Cabinet,5,6362.78,0.05,31813.899999999998,1590.695,30223.204999999998,20551.7794,9671.425599999999,31.999999999999996,Credit Card
ORD0117,2025-12-22,December,12,CUST0076,Karnataka,Online,Electronics,Smartphone,6,11829.0,0.1,70974.0,7097.400000000001,63876.6,49823.748,14052.851999999999,22.0,Net Banking
ORD0118,2025-01-27,January,1,CUST0268,West Bengal,Online,Electronics,Smartphone,7,57811.73,0.15,404682.11000000004,60702.3165,343979.7935,268304.23893000005,75675.55456999998,21.999999999999993,Net Banking
ORD0119,2025-07-09,July,7,CUST0193,Maharashtra,Online,Furniture,Table,6,3556.73,0.05,21340.38,1067.019,20273.361,13785.88548,6487.47552,32.0,Debit Card
ORD0120,2025-10-09,October,10,CUST0164,Madhya Pradesh,Marketplace,Beauty,Moisturizer,5,2962.36,0.1,14811.800000000001,1481.1800000000003,13330.62,6931.9224,6398.6976,48.0,Credit Card
ORD0121,2025-02-24,February,2,CUST0036,Uttar Pradesh,Marketplace,Grocery,Biscuits,6,892.46,0.05,5354.76,267.738,5087.022,3662.65584,1424.36616,28.000000000000004,Cash
ORD0122,2025-12-03,December,12,CUST0154,Delhi,Online,Grocery,Rice,3,736.37,0.1,2209.11,220.91100000000003,1988.199,1431.50328,556.6957200000002,28.000000000000007,UPI
ORD0123,2025-10-23,October,10,CUST0042,West Bengal,Marketplace,Electronics,Headphones,1,36243.01,0.15,36243.01,5436.4515,30806.558500000003,24029.115630000004,6777.442869999999,21.999999999999993,Debit Card
ORD0124,2025-08-17,August,8,CUST0012,Maharashtra,Online,Clothing,Sneakers,4,5822.35,0.0,23289.4,0.0,23289.4,12809.170000000002,10480.23,44.99999999999999,Debit Card
ORD0125,2025-11-01,November,11,CUST0012,Tamil Nadu,Marketplace,Beauty,Sunscreen,1,3335.78,0.1,3335.78,333.57800000000003,3002.202,1561.14504,1441.0569600000001,48.0,UPI
ORD0126,2025-08-03,August,8,CUST0089,Telangana,Online,Beauty,Sunscreen,6,2302.86,0.3,13817.16,4145.148,9672.011999999999,5029.446239999999,4642.5657599999995,48.0,Credit Card
ORD0127,2025-02-16,February,2,CUST0086,Telangana,Marketplace,Furniture,Cabinet,7,24985.45,0.15,174898.15,26234.7225,148663.4275,101091.1307,47572.2968,32.0,UPI
ORD0128,2025-06-25,June,6,CUST0103,Madhya Pradesh,Retail Store,Furniture,Bookshelf,3,23746.0,0.1,71238.0,7123.8,64114.2,43597.656,20516.543999999994,31.999999999999996,Cash
ORD0129,2025-07-07,July,7,CUST0183,Karnataka,Marketplace,Beauty,Face Wash,2,3120.49,0.1,6240.98,624.098,5616.882,2920.77864,2696.1033599999996,48.0,Cash
ORD0130,2025-12-15,December,12,CUST0108,Delhi,Marketplace,Grocery,Biscuits,1,898.53,0.1,898.53,89.85300000000001,808.6769999999999,582.2474399999999,226.42956000000004,28.000000000000007,Credit Card
ORD0131,2025-02-03,February,2,CUST0096,Maharashtra,Marketplace,Grocery,Tea,3,1055.91,0.1,3167.7300000000005,316.7730000000001,2850.9570000000003,2052.68904,798.2679600000001,28.000000000000004,Net Banking
ORD0132,2025-11-14,November,11,CUST0239,West Bengal,Retail Store,Beauty,Face Wash,4,2270.77,0.25,9083.08,2270.77,6812.3099999999995,3542.4012,3269.9087999999997,48.0,Cash
ORD0133,2025-03-06,March,3,CUST0158,Delhi,Retail Store,Grocery,Coffee,1,177.05,0.1,177.05,17.705000000000002,159.345,114.7284,44.616600000000005,28.000000000000004,UPI
ORD0134,2025-07-12,July,7,CUST0140,Telangana,Online,Beauty,Sunscreen,6,348.83,0.0,2092.98,0.0,2092.98,1088.3496,1004.6304,48.0,Net Banking
ORD0135,2025-07-17,July,7,CUST0199,Uttar Pradesh,Marketplace,Grocery,Tea,3,1089.28,0.3,3267.84,980.352,2287.4880000000003,1646.9913600000002,640.4966400000001,27.999999999999996,Net Banking
ORD0136,2025-03-04,March,3,CUST0107,Delhi,Online,Grocery,Cooking Oil,5,1005.24,0.05,5026.2,251.31,4774.889999999999,3437.9207999999994,1336.9692,28.000000000000004,UPI
ORD0137,2025-08-29,August,8,CUST0054,Karnataka,Online,Furniture,Office Chair,3,21089.63,0.2,63268.89,12653.778,50615.112,34418.27616,16196.83584,32.0,Debit Card
ORD0138,2025-01-20,January,1,CUST0178,Delhi,Retail Store,Furniture,Office Chair,1,6412.64,0.1,6412.64,641.2640000000001,5771.376,3924.5356800000004,1846.8403199999998,31.999999999999996,Debit Card
ORD0139,2025-06-09,June,6,CUST0089,West Bengal,Retail Store,Office Supplies,File Folder,6,1595.05,0.15,9570.3,1435.5449999999998,8134.754999999999,4718.157899999999,3416.5971,42.00000000000001,Credit Card
ORD0140,2025-09-24,September,9,CUST0195,West Bengal,Retail Store,Electronics,Monitor,3,23558.68,0.1,70676.04000000001,7067.604000000001,63608.43600000001,49614.58008000001,13993.855920000002,22.0,Credit Card
ORD0141,2025-01-09,January,1,CUST0124,Rajasthan,Marketplace,Electronics,Keyboard,5,49907.12,0.05,249535.6,12476.78,237058.82,184905.87960000001,52152.94039999999,21.999999999999996,Credit Card
ORD0142,2025-02-06,February,2,CUST0114,Tamil Nadu,Online,Clothing,Formal Shirt,5,5419.64,0.3,27098.2,8129.46,18968.74,10432.807000000003,8535.932999999999,44.99999999999999,Debit Card
ORD0143,2025-07-05,July,7,CUST0289,Rajasthan,Marketplace,Office Supplies,Stapler,2,1405.07,0.2,2810.14,562.028,2248.112,1303.9049599999998,944.2070400000002,42.00000000000001,UPI
ORD0144,2025-02-28,February,2,CUST0181,Telangana,Marketplace,Office Supplies,Pen Set,1,901.62,0.05,901.62,45.081,856.539,496.79261999999994,359.74638000000004,42.00000000000001,Cash
ORD0145,2025-01-07,January,1,CUST0031,Karnataka,Retail Store,Beauty,Shampoo,3,3372.34,0.1,10117.02,1011.7020000000001,9105.318000000001,4734.76536,4370.552640000001,48.00000000000001,Debit Card
ORD0146,2025-06-07,June,6,CUST0012,Karnataka,Retail Store,Furniture,Cabinet,4,15014.09,0.2,60056.36,12011.272,48045.088,32670.659840000004,15374.42816,31.999999999999996,Debit Card
ORD0147,2025-04-23,April,4,CUST0163,Rajasthan,Marketplace,Electronics,Smartphone,1,14603.1,0.1,14603.1,1460.3100000000002,13142.79,10251.3762,2891.4138000000003,22.0,UPI
ORD0148,2025-08-12,August,8,CUST0037,Rajasthan,Retail Store,Furniture,Table,7,11323.4,0.05,79263.8,3963.1900000000005,75300.61,51204.414800000006,24096.195199999995,31.999999999999996,Debit Card
ORD0149,2025-07-11,July,7,CUST0193,Rajasthan,Retail Store,Electronics,Headphones,4,11838.98,0.15,47355.92,7103.388,40252.532,31396.97496,8855.55704,22.0,Credit Card
ORD0150,2025-11-02,November,11,CUST0227,Uttar Pradesh,Online,Grocery,Tea,7,1164.21,0.15,8149.47,1222.4205,6927.0495,4987.47564,1939.5738600000004,28.000000000000007,Net Banking
ORD0151,2025-02-02,February,2,CUST0058,Karnataka,Retail Store,Grocery,Cooking Oil,7,611.94,0.2,4283.58,856.716,3426.864,2467.34208,959.5219200000001,28.000000000000004,Credit Card
ORD0152,2025-10-12,October,10,CUST0271,Karnataka,Online,Clothing,Formal Shirt,1,1062.06,0.2,1062.06,212.412,849.6479999999999,467.3064,382.3415999999999,44.99999999999999,Debit Card
ORD0153,2025-10-15,October,10,CUST0027,Maharashtra,Online,Furniture,Table,7,17811.23,0.15,124678.61,18701.7915,105976.8185,72064.23658,33912.58192,32.0,Cash
ORD0154,2025-01-21,January,1,CUST0257,Telangana,Retail Store,Beauty,Shampoo,3,3382.92,0.2,10148.76,2029.7520000000002,8119.008,4221.88416,3897.12384,48.00000000000001,Net Banking
ORD0155,2025-06-12,June,6,CUST0208,Tamil Nadu,Retail Store,Electronics,Laptop,1,48750.67,0.15,48750.67,7312.6005,41438.0695,32321.694209999998,9116.37529,22.0,UPI
ORD0156,2025-04-03,April,4,CUST0199,Maharashtra,Online,Beauty,Perfume,7,1697.19,0.1,11880.33,1188.0330000000001,10692.297,5559.99444,5132.30256,48.0,Net Banking
ORD0157,2025-01-24,January,1,CUST0153,Karnataka,Online,Clothing,Sneakers,2,3891.58,0.2,7783.16,1556.632,6226.528,3424.5904000000005,2801.9375999999997,44.99999999999999,Cash
ORD0158,2025-08-16,August,8,CUST0214,Rajasthan,Online,Electronics,Keyboard,6,20855.79,0.05,125134.74,6256.737000000001,118878.003,92724.84234,26153.160659999994,21.999999999999993,Credit Card
ORD0159,2025-12-10,December,12,CUST0095,Rajasthan,Marketplace,Office Supplies,File Folder,5,458.99,0.1,2294.95,229.495,2065.455,1197.9639,867.4911,42.0,UPI
ORD0160,2025-10-16,October,10,CUST0179,Tamil Nadu,Online,Clothing,T-Shirt,6,5493.0,0.15,32958.0,4943.7,28014.3,15407.865000000002,12606.434999999998,44.99999999999999,Cash
ORD0161,2025-02-15,February,2,CUST0242,Madhya Pradesh,Retail Store,Grocery,Rice,6,291.9,0.1,1751.3999999999999,175.14,1576.2599999999998,1134.9071999999999,441.3527999999999,27.999999999999996,UPI
ORD0162,2025-08-21,August,8,CUST0103,Delhi,Retail Store,Beauty,Shampoo,6,309.57,0.0,1857.42,0.0,1857.42,965.8584000000001,891.5616,48.0,Credit Card
ORD0163,2025-05-23,May,5,CUST0123,Rajasthan,Online,Furniture,Office Chair,2,6268.36,0.0,12536.72,0.0,12536.72,8524.9696,4011.750399999999,31.999999999999996,UPI
ORD0164,2025-07-23,July,7,CUST0251,Karnataka,Marketplace,Furniture,Table,4,20538.88,0.1,82155.52,8215.552000000001,73939.96800000001,50279.17824000001,23660.78976,31.999999999999996,Cash
ORD0165,2025-11-10,November,11,CUST0188,Telangana,Retail Store,Grocery,Biscuits,2,603.04,0.0,1206.08,0.0,1206.08,868.3775999999999,337.7024,28.000000000000004,Credit Card
ORD0166,2025-01-12,January,1,CUST0147,Karnataka,Retail Store,Clothing,Sneakers,5,3136.03,0.15,15680.150000000001,2352.0225,13328.127500000002,7330.470125000002,5997.657375000001,44.99999999999999,Net Banking
ORD0167,2025-08-09,August,8,CUST0211,Rajasthan,Online,Beauty,Face Wash,7,344.08,0.05,2408.56,120.428,2288.132,1189.8286400000002,1098.3033599999999,47.99999999999999,Debit Card
ORD0168,2025-05-11,May,5,CUST0207,Madhya Pradesh,Marketplace,Clothing,Sneakers,2,2717.94,0.05,5435.88,271.79400000000004,5164.086,2840.2473000000005,2323.8387,44.99999999999999,UPI
ORD0169,2025-12-16,December,12,CUST0293,Uttar Pradesh,Retail Store,Beauty,Perfume,7,1572.49,0.2,11007.43,2201.4860000000003,8805.944,4579.09088,4226.85312,48.0,Cash
ORD0170,2025-06-01,June,6,CUST0250,Gujarat,Retail Store,Furniture,Table,1,14064.91,0.15,14064.91,2109.7365,11955.1735,8129.517980000001,3825.6555199999993,31.999999999999996,Credit Card
ORD0171,2025-12-01,December,12,CUST0186,Rajasthan,Online,Furniture,Table,4,11988.72,0.05,47954.88,2397.744,45557.136,30978.85248,14578.283519999997,31.999999999999996,Debit Card
ORD0172,2025-08-25,August,8,CUST0008,Uttar Pradesh,Retail Store,Furniture,Desk,5,18995.04,0.05,94975.20000000001,4748.760000000001,90226.44000000002,61353.979200000016,28872.4608,31.999999999999996,Cash
ORD0173,2025-01-14,January,1,CUST0041,Rajasthan,Online,Grocery,Rice,2,258.12,0.2,516.24,103.248,412.992,297.35424,115.63776000000001,28.000000000000004,Cash
ORD0174,2025-05-10,May,5,CUST0066,Maharashtra,Online,Grocery,Coffee,1,499.74,0.3,499.74,149.922,349.818,251.86896,97.94904,28.000000000000004,UPI
ORD0175,2025-06-13,June,6,CUST0195,Rajasthan,Retail Store,Beauty,Shampoo,7,1697.51,0.05,11882.57,594.1285,11288.441499999999,5869.9895799999995,5418.4519199999995,48.0,Net Banking
ORD0176,2025-09-23,September,9,CUST0264,Madhya Pradesh,Online,Clothing,Sneakers,6,1301.66,0.1,7809.960000000001,780.9960000000001,7028.964000000001,3865.9302000000007,3163.0338,44.99999999999999,Cash
ORD0177,2025-05-01,May,5,CUST0120,Tamil Nadu,Marketplace,Office Supplies,Stapler,5,956.16,0.1,4780.8,478.08000000000004,4302.72,2495.5776,1807.1424000000002,42.00000000000001,Debit Card
ORD0178,2025-11-30,November,11,CUST0285,Madhya Pradesh,Marketplace,Furniture,Bookshelf,1,14451.31,0.25,14451.31,3612.8275,10838.4825,7370.168100000001,3468.3143999999993,31.999999999999996,Net Banking
ORD0179,2025-09-02,September,9,CUST0012,Telangana,Online,Office Supplies,Printer Paper,5,347.94,0.15,1739.7,260.955,1478.7450000000001,857.6721,621.0729000000001,42.00000000000001,Debit Card
ORD0180,2025-10-26,October,10,CUST0039,Tamil Nadu,Marketplace,Grocery,Biscuits,2,421.6,0.3,843.2,252.96,590.24,424.9728,165.2672,28.000000000000004,Credit Card
ORD0181,2025-10-21,October,10,CUST0234,Karnataka,Retail Store,Clothing,Formal Shirt,7,664.85,0.1,4653.95,465.395,4188.555,2303.7052500000004,1884.8497499999999,44.99999999999999,UPI
ORD0182,2025-09-21,September,9,CUST0290,Madhya Pradesh,Marketplace,Beauty,Shampoo,6,3064.87,0.05,18389.22,919.4610000000001,17469.759000000002,9084.27468,8385.484320000001,48.00000000000001,Debit Card
ORD0183,2025-04-24,April,4,CUST0076,Tamil Nadu,Online,Furniture,Table,1,21194.74,0.2,21194.74,4238.948,16955.792,11529.938560000002,5425.853439999999,31.99999999999999,UPI
ORD0184,2025-01-01,January,1,CUST0069,West Bengal,Retail Store,Office Supplies,Stapler,7,1681.33,0.1,11769.31,1176.931,10592.378999999999,6143.579819999999,4448.79918,42.00000000000001,Credit Card
ORD0185,2025-07-11,July,7,CUST0176,West Bengal,Online,Grocery,Coffee,7,1173.75,0.1,8216.25,821.625,7394.625,5324.13,2070.495,27.999999999999996,UPI
ORD0186,2025-11-20,November,11,CUST0019,Rajasthan,Retail Store,Furniture,Desk,5,19716.79,0.25,98583.95000000001,24645.987500000003,73937.96250000001,50277.81450000001,23660.148,31.999999999999996,Net Banking
ORD0187,2025-10-06,October,10,CUST0089,Gujarat,Marketplace,Office Supplies,Notebook,5,2062.8,0.05,10314.0,515.7,9798.3,5683.013999999999,4115.286,42.00000000000001,Cash
ORD0188,2025-07-18,July,7,CUST0224,Madhya Pradesh,Marketplace,Beauty,Perfume,3,1482.24,0.1,4446.72,444.672,4002.0480000000002,2081.06496,1920.98304,48.0,Credit Card
ORD0189,2025-09-24,September,9,CUST0265,Maharashtra,Online,Office Supplies,Printer Paper,6,1642.18,0.2,9853.08,1970.616,7882.464,4571.829119999999,3310.6348800000005,42.00000000000001,Credit Card
ORD0190,2025-04-27,April,4,CUST0293,Uttar Pradesh,Marketplace,Beauty,Moisturizer,2,559.43,0.05,1118.86,55.943,1062.917,552.7168399999999,510.20016,48.00000000000001,Credit Card
ORD0191,2025-12-30,December,12,CUST0117,West Bengal,Marketplace,Office Supplies,Pen Set,3,143.76,0.05,431.28,21.564,409.71599999999995,237.63527999999997,172.08071999999999,42.00000000000001,Cash
ORD0192,2025-10-04,October,10,CUST0052,Maharashtra,Retail Store,Beauty,Perfume,6,842.04,0.05,5052.24,252.612,4799.628,2495.80656,2303.8214399999997,48.0,Credit Card
ORD0193,2025-01-02,January,1,CUST0263,Telangana,Marketplace,Electronics,Keyboard,5,31572.3,0.05,157861.5,7893.075000000001,149968.425,116975.3715,32993.053499999995,21.999999999999996,UPI
ORD0194,2025-10-25,October,10,CUST0172,Tamil Nadu,Online,Clothing,Jeans,4,3159.5,0.2,12638.0,2527.6000000000004,10110.4,5560.72,4549.679999999999,44.99999999999999,Debit Card
ORD0195,2025-05-21,May,5,CUST0026,West Bengal,Marketplace,Grocery,Cooking Oil,6,642.45,0.15,3854.7000000000003,578.205,3276.4950000000003,2359.0764000000004,917.4186,27.999999999999996,Credit Card
ORD0196,2025-05-01,May,5,CUST0154,Gujarat,Retail Store,Beauty,Moisturizer,2,3170.08,0.1,6340.16,634.0160000000001,5706.144,2967.19488,2738.94912,48.00000000000001,Cash
ORD0197,2025-03-01,March,3,CUST0242,Gujarat,Marketplace,Furniture,Office Chair,1,4649.54,0.15,4649.54,697.4309999999999,3952.109,2687.4341200000003,1264.6748799999996,31.99999999999999,Debit Card
ORD0198,2025-04-18,April,4,CUST0293,Maharashtra,Marketplace,Furniture,Bookshelf,1,7376.65,0.0,7376.65,0.0,7376.65,5016.122,2360.5279999999993,31.999999999999996,Credit Card
ORD0199,2025-03-19,March,3,CUST0291,Karnataka,Online,Beauty,Shampoo,5,392.9,0.05,1964.5,98.22500000000001,1866.275,970.4630000000001,895.812,48.0,Debit Card
ORD0200,2025-02-11,February,2,CUST0280,Maharashtra,Retail Store,Grocery,Cooking Oil,5,875.24,0.15,4376.2,656.43,3719.77,2678.2344,1041.5356000000002,28.000000000000004,Net Banking
ORD0201,2025-02-05,February,2,CUST0070,West Bengal,Marketplace,Beauty,Perfume,1,2165.98,0.1,2165.98,216.598,1949.382,1013.6786400000001,935.70336,48.0,Net Banking
ORD0202,2025-02-18,February,2,CUST0160,Gujarat,Retail Store,Clothing,Jeans,2,4182.81,0.0,8365.62,0.0,8365.62,4601.091000000001,3764.5289999999995,44.99999999999999,Debit Card
ORD0203,2025-10-27,October,10,CUST0215,Delhi,Retail Store,Beauty,Face Wash,2,1298.91,0.15,2597.82,389.673,2208.147,1148.23644,1059.91056,48.00000000000001,Debit Card
ORD0204,2025-12-20,December,12,CUST0036,Gujarat,Online,Grocery,Coffee,4,119.16,0.15,476.64,71.496,405.144,291.70368,113.44031999999999,27.999999999999996,UPI
ORD0205,2025-11-07,November,11,CUST0012,Madhya Pradesh,Marketplace,Furniture,Cabinet,6,12010.51,0.2,72063.06,14412.612000000001,57650.448,39202.30464,18448.143359999995,31.999999999999996,Cash
ORD0206,2025-04-25,April,4,CUST0121,Gujarat,Retail Store,Grocery,Cooking Oil,5,897.76,0.2,4488.8,897.7600000000001,3591.04,2585.5488,1005.4911999999999,27.999999999999996,UPI
ORD0207,2025-09-29,September,9,CUST0292,Madhya Pradesh,Marketplace,Clothing,Jeans,6,1376.17,0.0,8257.02,0.0,8257.02,4541.361000000001,3715.6589999999997,44.99999999999999,Net Banking
ORD0208,2025-03-07,March,3,CUST0180,Karnataka,Retail Store,Electronics,Monitor,5,27740.34,0.05,138701.7,6935.085000000001,131766.61500000002,102777.95970000002,28988.6553,21.999999999999993,Credit Card
ORD0209,2025-11-07,November,11,CUST0101,Uttar Pradesh,Retail Store,Grocery,Tea,3,954.22,0.15,2862.66,429.39899999999994,2433.261,1751.9479199999998,681.3130800000001,28.000000000000007,UPI
ORD0210,2025-02-11,February,2,CUST0158,Rajasthan,Marketplace,Grocery,Tea,2,772.14,0.15,1544.28,231.642,1312.638,945.0993599999999,367.53864,28.000000000000004,UPI
ORD0211,2025-06-12,June,6,CUST0276,Delhi,Retail Store,Furniture,Office Chair,3,18136.4,0.1,54409.200000000004,5440.920000000001,48968.280000000006,33298.430400000005,15669.849600000001,32.0,Credit Card
ORD0212,2025-10-08,October,10,CUST0110,Rajasthan,Retail Store,Beauty,Sunscreen,6,1235.3,0.15,7411.799999999999,1111.7699999999998,6300.03,3276.0156,3024.0143999999996,47.99999999999999,Cash
ORD0213,2025-01-25,January,1,CUST0025,Uttar Pradesh,Online,Beauty,Perfume,5,601.81,0.1,3009.0499999999997,300.905,2708.1449999999995,1408.2353999999998,1299.9095999999997,48.0,Cash
ORD0214,2025-10-15,October,10,CUST0160,Delhi,Marketplace,Clothing,Jacket,5,5650.47,0.25,28252.350000000002,7063.087500000001,21189.2625,11654.094375,9535.168125,45.0,Debit Card
ORD0215,2025-01-05,January,1,CUST0267,Delhi,Online,Office Supplies,Notebook,2,1203.52,0.0,2407.04,0.0,2407.04,1396.0831999999998,1010.9568000000002,42.00000000000001,Debit Card
ORD0216,2025-04-09,April,4,CUST0263,Madhya Pradesh,Marketplace,Beauty,Face Wash,1,2782.9,0.05,2782.9,139.145,2643.755,1374.7526,1269.0024,48.00000000000001,Net Banking
ORD0217,2025-12-25,December,12,CUST0231,Delhi,Marketplace,Clothing,Formal Shirt,4,1455.64,0.15,5822.56,873.384,4949.176,2722.0468000000005,2227.1292,44.99999999999999,Cash
ORD0218,2025-07-10,July,7,CUST0014,Karnataka,Online,Grocery,Coffee,5,457.37,0.1,2286.85,228.685,2058.165,1481.8788,576.2862,28.000000000000004,Net Banking
ORD0219,2025-07-02,July,7,CUST0079,Gujarat,Retail Store,Furniture,Desk,6,13330.24,0.0,79981.44,0.0,79981.44,54387.3792,25594.0608,32.0,Net Banking
ORD0220,2025-03-06,March,3,CUST0181,Delhi,Online,Beauty,Sunscreen,5,2953.2,0.15,14766.0,2214.9,12551.1,6526.572,6024.528,48.0,Cash
ORD0221,2025-07-07,July,7,CUST0117,Telangana,Retail Store,Office Supplies,Stapler,7,1298.4,0.05,9088.800000000001,454.44000000000005,8634.36,5007.9288,3626.431200000001,42.00000000000001,Credit Card
ORD0222,2025-02-21,February,2,CUST0042,Gujarat,Retail Store,Clothing,Formal Shirt,2,3118.1,0.1,6236.2,623.62,5612.58,3086.9190000000003,2525.6609999999996,44.99999999999999,UPI
ORD0223,2025-04-15,April,4,CUST0048,Madhya Pradesh,Retail Store,Electronics,Smartphone,1,61741.38,0.2,61741.38,12348.276,49393.104,38526.62112,10866.482879999996,21.999999999999993,Credit Card
ORD0224,2025-08-20,August,8,CUST0214,Tamil Nadu,Online,Beauty,Face Wash,4,2302.76,0.15,9211.04,1381.6560000000002,7829.384000000001,4071.2796800000006,3758.1043200000004,48.0,Cash
ORD0225,2025-12-09,December,12,CUST0087,Gujarat,Online,Beauty,Face Wash,3,548.79,0.3,1646.37,493.91099999999994,1152.4589999999998,599.2786799999999,553.1803199999999,48.00000000000001,Debit Card
ORD0226,2025-04-19,April,4,CUST0277,Tamil Nadu,Retail Store,Office Supplies,Stapler,3,129.06,0.3,387.18,116.154,271.026,157.19508,113.83092000000002,42.00000000000001,Debit Card
ORD0227,2025-07-30,July,7,CUST0261,Rajasthan,Retail Store,Office Supplies,Stapler,4,951.62,0.1,3806.48,380.648,3425.832,1986.9825599999997,1438.8494400000002,42.00000000000001,UPI
ORD0228,2025-08-11,August,8,CUST0049,Uttar Pradesh,Retail Store,Electronics,Monitor,1,29770.56,0.05,29770.56,1488.5280000000002,28282.032,22059.98496,6222.047039999998,21.999999999999993,UPI
ORD0229,2025-06-18,June,6,CUST0266,Gujarat,Marketplace,Electronics,Smartphone,2,35260.55,0.25,70521.1,17630.275,52890.825000000004,41254.8435,11635.981500000002,22.0,Net Banking
ORD0230,2025-06-30,June,6,CUST0183,West Bengal,Online,Clothing,Jacket,2,1204.53,0.1,2409.06,240.906,2168.154,1192.4847000000002,975.6692999999998,44.99999999999999,Cash
ORD0231,2025-04-24,April,4,CUST0288,Maharashtra,Retail Store,Grocery,Rice,4,326.8,0.05,1307.2,65.36,1241.8400000000001,894.1248,347.7152000000001,28.000000000000004,Net Banking
ORD0232,2025-05-02,May,5,CUST0018,Gujarat,Online,Grocery,Coffee,7,1061.16,0.05,7428.120000000001,371.40600000000006,7056.714000000001,5080.8340800000005,1975.8799200000003,28.000000000000004,Cash
ORD0233,2025-08-12,August,8,CUST0285,Delhi,Retail Store,Office Supplies,File Folder,6,1907.65,0.05,11445.900000000001,572.2950000000001,10873.605000000001,6306.6909000000005,4566.914100000001,42.00000000000001,Net Banking
ORD0234,2025-10-10,October,10,CUST0044,Rajasthan,Marketplace,Furniture,Cabinet,7,13488.87,0.05,94422.09000000001,4721.1045,89700.98550000001,60996.67014000001,28704.31536,31.999999999999996,Net Banking
ORD0235,2025-12-19,December,12,CUST0030,Karnataka,Marketplace,Office Supplies,Notebook,7,354.23,0.05,2479.61,123.9805,2355.6295,1366.2651099999998,989.3643900000002,42.00000000000001,Net Banking
ORD0236,2025-04-21,April,4,CUST0261,Maharashtra,Online,Furniture,Table,2,2709.96,0.05,5419.92,270.99600000000004,5148.924,3501.26832,1647.6556799999998,31.999999999999996,Debit Card
ORD0237,2025-08-12,August,8,CUST0231,Delhi,Online,Furniture,Cabinet,2,7090.8,0.15,14181.6,2127.24,12054.36,8196.964800000002,3857.395199999999,31.99999999999999,UPI
ORD0238,2025-03-27,March,3,CUST0014,West Bengal,Retail Store,Furniture,Cabinet,2,21399.19,0.2,42798.38,8559.676,34238.704,23282.31872,10956.385279999999,31.999999999999996,UPI
ORD0239,2025-01-20,January,1,CUST0211,Gujarat,Retail Store,Office Supplies,Stapler,3,2120.73,0.1,6362.1900000000005,636.219,5725.9710000000005,3321.06318,2404.9078200000004,42.00000000000001,Net Banking
ORD0240,2025-05-12,May,5,CUST0293,Rajasthan,Online,Clothing,Formal Shirt,2,5374.08,0.15,10748.16,1612.224,9135.936,5024.7648,4111.1712,45.0,Credit Card
ORD0241,2025-02-07,February,2,CUST0273,Karnataka,Marketplace,Grocery,Tea,4,258.52,0.1,1034.08,103.408,930.6719999999999,670.0838399999999,260.58816,28.000000000000004,Net Banking
ORD0242,2025-01-14,January,1,CUST0254,Tamil Nadu,Retail Store,Office Supplies,Printer Paper,5,1491.96,0.15,7459.8,1118.97,6340.83,3677.6813999999995,2663.1486000000004,42.00000000000001,Debit Card
ORD0243,2025-06-08,June,6,CUST0211,Rajasthan,Online,Clothing,Sneakers,4,2271.59,0.15,9086.36,1362.954,7723.406000000001,4247.873300000001,3475.5326999999997,44.99999999999999,Credit Card
ORD0244,2025-04-27,April,4,CUST0183,Madhya Pradesh,Marketplace,Clothing,T-Shirt,3,2921.09,0.05,8763.27,438.16350000000006,8325.1065,4578.808575,3746.297925,45.0,Credit Card
ORD0245,2025-11-15,November,11,CUST0118,Madhya Pradesh,Online,Clothing,Sneakers,1,3790.24,0.15,3790.24,568.536,3221.7039999999997,1771.9372,1449.7667999999996,44.99999999999999,Cash
ORD0246,2025-08-28,August,8,CUST0075,Karnataka,Online,Office Supplies,Printer Paper,7,1083.77,0.2,7586.389999999999,1517.278,6069.111999999999,3520.0849599999992,2549.02704,42.00000000000001,Net Banking
ORD0247,2025-03-02,March,3,CUST0254,Rajasthan,Online,Furniture,Office Chair,2,6219.12,0.15,12438.24,1865.7359999999999,10572.504,7189.3027200000015,3383.2012799999993,31.99999999999999,Debit Card
ORD0248,2025-12-31,December,12,CUST0069,Gujarat,Online,Office Supplies,File Folder,5,234.73,0.2,1173.6499999999999,234.73,938.9199999999998,544.5735999999998,394.3464,42.00000000000001,Credit Card
ORD0249,2025-07-11,July,7,CUST0231,Karnataka,Retail Store,Beauty,Moisturizer,4,640.48,0.0,2561.92,0.0,2561.92,1332.1984,1229.7216,48.00000000000001,UPI
ORD0250,2025-10-07,October,10,CUST0188,West Bengal,Marketplace,Electronics,Monitor,4,51634.24,0.05,206536.96,10326.848,196210.112,153043.88736,43166.22464,22.0,UPI
ORD0251,2025-02-05,February,2,CUST0220,Karnataka,Marketplace,Beauty,Perfume,6,1133.06,0.0,6798.36,0.0,6798.36,3535.1472,3263.2128,48.0,Credit Card
ORD0252,2025-12-02,December,12,CUST0044,West Bengal,Online,Grocery,Tea,7,567.2,0.2,3970.4000000000005,794.0800000000002,3176.3200000000006,2286.9504,889.3696000000004,28.000000000000007,Debit Card
ORD0253,2025-03-25,March,3,CUST0178,Madhya Pradesh,Marketplace,Furniture,Desk,2,15144.84,0.1,30289.68,3028.9680000000003,27260.712,18537.28416,8723.42784,32.0,Debit Card
ORD0254,2025-05-28,May,5,CUST0142,West Bengal,Online,Beauty,Shampoo,2,2931.97,0.2,5863.94,1172.788,4691.152,2439.3990400000002,2251.75296,47.99999999999999,Net Banking
ORD0255,2025-03-23,March,3,CUST0161,Delhi,Online,Beauty,Perfume,3,2593.01,0.05,7779.030000000001,388.95150000000007,7390.0785000000005,3842.8408200000003,3547.23768,48.0,Credit Card
ORD0256,2025-11-23,November,11,CUST0061,Delhi,Retail Store,Grocery,Biscuits,7,676.87,0.3,4738.09,1421.427,3316.6630000000005,2387.9973600000003,928.6656400000002,28.000000000000004,UPI
ORD0257,2025-03-27,March,3,CUST0098,Madhya Pradesh,Retail Store,Electronics,Keyboard,1,42935.31,0.05,42935.31,2146.7655,40788.544499999996,31815.06471,8973.479789999998,21.999999999999996,Net Banking
ORD0258,2025-01-02,January,1,CUST0125,Karnataka,Retail Store,Grocery,Tea,1,819.38,0.1,819.38,81.938,737.442,530.9582399999999,206.48376000000007,28.000000000000007,Cash
ORD0259,2025-02-28,February,2,CUST0032,Karnataka,Online,Furniture,Table,3,3669.02,0.2,11007.06,2201.412,8805.648,5987.84064,2817.807359999999,31.99999999999999,Credit Card
ORD0260,2025-03-09,March,3,CUST0213,Rajasthan,Retail Store,Grocery,Biscuits,4,647.29,0.05,2589.16,129.458,2459.7019999999998,1770.9854399999997,688.7165600000001,28.000000000000007,Net Banking
ORD0261,2025-06-17,June,6,CUST0248,Maharashtra,Online,Furniture,Desk,4,19870.28,0.0,79481.12,0.0,79481.12,54047.1616,25433.958399999996,31.999999999999996,Cash
ORD0262,2025-08-15,August,8,CUST0178,Maharashtra,Online,Grocery,Biscuits,7,805.3,0.2,5637.099999999999,1127.4199999999998,4509.679999999999,3246.9695999999994,1262.7104,28.000000000000004,Debit Card
ORD0263,2025-09-25,September,9,CUST0085,Tamil Nadu,Marketplace,Furniture,Office Chair,4,20339.22,0.15,81356.88,12203.532000000001,69153.348,47024.276640000004,22129.071359999994,31.999999999999996,Credit Card
ORD0264,2025-02-11,February,2,CUST0259,Delhi,Marketplace,Clothing,T-Shirt,4,3568.01,0.05,14272.04,713.6020000000001,13558.438,7457.1409,6101.2971,44.99999999999999,Cash
ORD0265,2025-05-09,May,5,CUST0246,Maharashtra,Online,Beauty,Perfume,4,2907.25,0.1,11629.0,1162.9,10466.1,5442.372,5023.728,48.0,Debit Card
ORD0266,2025-10-29,October,10,CUST0158,Delhi,Retail Store,Electronics,Smartphone,7,35665.46,0.05,249658.22,12482.911,237175.309,184996.74102000002,52178.56797999999,21.999999999999996,Debit Card
ORD0267,2025-09-04,September,9,CUST0281,Uttar Pradesh,Retail Store,Office Supplies,Printer Paper,5,1443.41,0.1,7217.05,721.705,6495.345,3767.3001,2728.0449000000003,42.00000000000001,Net Banking
ORD0268,2025-08-15,August,8,CUST0134,Maharashtra,Online,Beauty,Moisturizer,4,3031.98,0.2,12127.92,2425.5840000000003,9702.336,5045.21472,4657.121279999999,48.0,Credit Card
ORD0269,2025-12-30,December,12,CUST0131,Telangana,Online,Clothing,Sneakers,1,2467.89,0.1,2467.89,246.789,2221.1009999999997,1221.60555,999.4954499999997,44.99999999999999,Credit Card
ORD0270,2025-07-09,July,7,CUST0075,West Bengal,Marketplace,Electronics,Laptop,5,31946.77,0.25,159733.85,39933.4625,119800.38750000001,93444.30225000001,26356.085250000004,22.0,Net Banking
ORD0271,2025-04-18,April,4,CUST0212,Delhi,Retail Store,Office Supplies,Pen Set,6,2449.85,0.15,14699.099999999999,2204.865,12494.234999999999,7246.656299999999,5247.5787,42.00000000000001,Cash
ORD0272,2025-02-16,February,2,CUST0247,Karnataka,Marketplace,Grocery,Biscuits,1,803.57,0.3,803.57,241.071,562.499,404.99928,157.49972000000002,28.000000000000004,Cash
ORD0273,2025-10-30,October,10,CUST0117,Gujarat,Retail Store,Grocery,Tea,7,294.54,0.0,2061.78,0.0,2061.78,1484.4816,577.2984000000001,28.000000000000004,Cash
ORD0274,2025-02-08,February,2,CUST0115,Madhya Pradesh,Retail Store,Electronics,Headphones,3,11368.35,0.25,34105.05,8526.2625,25578.787500000002,19951.454250000003,5627.33325,21.999999999999996,Debit Card
ORD0275,2025-04-01,April,4,CUST0190,Maharashtra,Marketplace,Furniture,Bookshelf,6,12858.06,0.2,77148.36,15429.672,61718.688,41968.70784,19749.98016,31.999999999999996,Cash
ORD0276,2025-10-08,October,10,CUST0083,Maharashtra,Marketplace,Grocery,Cooking Oil,2,1161.18,0.05,2322.36,116.11800000000001,2206.242,1588.49424,617.7477600000002,28.000000000000007,Debit Card
ORD0277,2025-07-20,July,7,CUST0073,Karnataka,Online,Clothing,Sneakers,4,5899.89,0.15,23599.56,3539.934,20059.626,11032.794300000001,9026.831699999999,44.99999999999999,Debit Card
ORD0278,2025-04-30,April,4,CUST0286,West Bengal,Online,Grocery,Tea,5,671.8,0.0,3359.0,0.0,3359.0,2418.48,940.52,27.999999999999996,UPI
ORD0279,2025-05-22,May,5,CUST0222,West Bengal,Marketplace,Office Supplies,Stapler,5,813.37,0.05,4066.85,203.3425,3863.5074999999997,2240.8343499999996,1622.67315,42.00000000000001,Cash
ORD0280,2025-09-21,September,9,CUST0120,Karnataka,Online,Furniture,Office Chair,1,9934.18,0.1,9934.18,993.4180000000001,8940.762,6079.718160000001,2861.0438399999994,31.99999999999999,Cash
ORD0281,2025-02-04,February,2,CUST0276,Gujarat,Marketplace,Office Supplies,Stapler,6,2153.67,0.1,12922.02,1292.2020000000002,11629.818,6745.294439999999,4884.5235600000005,42.00000000000001,UPI
ORD0282,2025-07-20,July,7,CUST0216,Madhya Pradesh,Online,Beauty,Perfume,1,2408.36,0.2,2408.36,481.672,1926.688,1001.8777600000001,924.81024,48.0,Cash
ORD0283,2025-06-23,June,6,CUST0232,Gujarat,Marketplace,Electronics,Monitor,3,58873.83,0.1,176621.49,17662.149,158959.341,123988.28597999999,34971.05502,22.000000000000004,UPI
ORD0284,2025-06-06,June,6,CUST0260,Rajasthan,Online,Office Supplies,Pen Set,4,1723.42,0.05,6893.68,344.684,6548.996,3798.41768,2750.57832,42.0,Cash
ORD0285,2025-07-13,July,7,CUST0087,Rajasthan,Retail Store,Furniture,Office Chair,3,19230.86,0.1,57692.58,5769.258000000001,51923.322,35307.858960000005,16615.463039999995,31.99999999999999,Credit Card
ORD0286,2025-03-02,March,3,CUST0093,Madhya Pradesh,Marketplace,Clothing,Jacket,6,751.07,0.05,4506.42,225.32100000000003,4281.099,2354.6044500000003,1926.49455,44.99999999999999,Net Banking
ORD0287,2025-12-06,December,12,CUST0190,Tamil Nadu,Marketplace,Electronics,Monitor,5,38609.43,0.2,193047.15,38609.43,154437.72,120461.4216,33976.2984,22.0,Cash
ORD0288,2025-12-19,December,12,CUST0106,Rajasthan,Retail Store,Furniture,Office Chair,7,20558.18,0.15,143907.26,21586.089,122321.171,83178.39628,39142.77472,32.0,UPI
ORD0289,2025-12-10,December,12,CUST0059,Karnataka,Marketplace,Beauty,Face Wash,1,2236.32,0.0,2236.32,0.0,2236.32,1162.8864,1073.4336,48.0,Net Banking
ORD0290,2025-07-11,July,7,CUST0046,Madhya Pradesh,Marketplace,Office Supplies,Stapler,6,2482.76,0.05,14896.560000000001,744.8280000000001,14151.732000000002,8208.004560000001,5943.727440000001,42.0,Net Banking
ORD0291,2025-04-19,April,4,CUST0103,Telangana,Online,Clothing,T-Shirt,5,2201.55,0.2,11007.75,2201.55,8806.2,4843.410000000001,3962.79,44.99999999999999,Debit Card
ORD0292,2025-06-23,June,6,CUST0146,Delhi,Retail Store,Grocery,Rice,5,1004.03,0.0,5020.15,0.0,5020.15,3614.508,1405.6419999999998,27.999999999999996,Cash
ORD0293,2025-03-23,March,3,CUST0113,Madhya Pradesh,Retail Store,Beauty,Moisturizer,3,2167.86,0.1,6503.58,650.3580000000001,5853.222,3043.67544,2809.5465599999998,48.0,UPI
ORD0294,2025-09-15,September,9,CUST0266,Delhi,Marketplace,Beauty,Face Wash,1,2333.29,0.25,2333.29,583.3225,1749.9675,909.9831,839.9843999999999,48.0,UPI
ORD0295,2025-02-08,February,2,CUST0002,Rajasthan,Marketplace,Clothing,Jeans,3,4481.85,0.05,13445.550000000001,672.2775000000001,12773.272500000001,7025.2998750000015,5747.972624999999,44.99999999999999,UPI
ORD0296,2025-09-25,September,9,CUST0213,Madhya Pradesh,Marketplace,Office Supplies,Notebook,3,1266.4,0.15,3799.2000000000003,569.88,3229.32,1873.0056,1356.3144000000002,42.00000000000001,UPI
ORD0297,2025-10-21,October,10,CUST0099,Karnataka,Online,Clothing,Formal Shirt,5,4308.71,0.1,21543.55,2154.355,19389.195,10664.05725,8725.13775,45.0,Credit Card
ORD0298,2025-01-30,January,1,CUST0156,West Bengal,Marketplace,Clothing,Jacket,4,4891.09,0.2,19564.36,3912.8720000000003,15651.488000000001,8608.318400000002,7043.169599999999,44.99999999999999,Credit Card
ORD0299,2025-11-09,November,11,CUST0290,Tamil Nadu,Online,Grocery,Tea,4,501.92,0.1,2007.68,200.76800000000003,1806.912,1300.97664,505.93535999999995,27.999999999999996,Net Banking
ORD0300,2025-02-25,February,2,CUST0202,Delhi,Marketplace,Electronics,Headphones,1,61958.73,0.1,61958.73,6195.8730000000005,55762.857,43495.02846,12267.828540000002,22.000000000000004,Debit Card
ORD0301,2025-05-06,May,5,CUST0176,Uttar Pradesh,Retail Store,Office Supplies,Notebook,1,343.02,0.2,343.02,68.604,274.416,159.16127999999998,115.25472000000002,42.00000000000001,Cash
ORD0302,2025-04-23,April,4,CUST0067,Uttar Pradesh,Retail Store,Beauty,Moisturizer,2,1802.45,0.0,3604.9,0.0,3604.9,1874.548,1730.352,48.00000000000001,Debit Card
ORD0303,2025-08-22,August,8,CUST0245,Telangana,Online,Office Supplies,Printer Paper,2,851.7,0.05,1703.4,85.17000000000002,1618.23,938.5734,679.6566,42.0,Net Banking
ORD0304,2025-02-06,February,2,CUST0196,Delhi,Online,Furniture,Office Chair,4,9564.25,0.25,38257.0,9564.25,28692.75,19511.07,9181.68,32.0,Net Banking
ORD0305,2025-03-18,March,3,CUST0224,Rajasthan,Online,Office Supplies,File Folder,7,463.8,0.0,3246.6,0.0,3246.6,1883.0279999999998,1363.5720000000001,42.00000000000001,UPI
ORD0306,2025-11-01,November,11,CUST0042,Delhi,Online,Beauty,Moisturizer,2,755.51,0.05,1511.02,75.551,1435.469,746.44388,689.02512,48.0,Credit Card
ORD0307,2025-12-07,December,12,CUST0092,Tamil Nadu,Online,Grocery,Biscuits,7,360.78,0.3,2525.46,757.638,1767.8220000000001,1272.83184,494.99016000000006,28.000000000000004,Net Banking
ORD0308,2025-04-21,April,4,CUST0099,Delhi,Retail Store,Furniture,Office Chair,3,7164.45,0.2,21493.35,4298.67,17194.68,11692.3824,5502.2976,32.0,Credit Card
ORD0309,2025-10-02,October,10,CUST0145,Gujarat,Retail Store,Beauty,Moisturizer,7,1503.95,0.0,10527.65,0.0,10527.65,5474.378,5053.272,48.00000000000001,Debit Card
ORD0310,2025-04-27,April,4,CUST0246,Gujarat,Retail Store,Furniture,Bookshelf,3,10452.87,0.1,31358.61,3135.8610000000003,28222.749,19191.46932,9031.27968,32.0,Cash
ORD0311,2025-01-05,January,1,CUST0070,Madhya Pradesh,Marketplace,Electronics,Headphones,4,34606.58,0.0,138426.32,0.0,138426.32,107972.52960000001,30453.790399999998,21.999999999999996,Credit Card
ORD0312,2025-10-31,October,10,CUST0183,Telangana,Retail Store,Clothing,Jacket,4,4650.42,0.1,18601.68,1860.1680000000001,16741.512,9207.8316,7533.680399999999,45.0,UPI
ORD0313,2025-08-04,August,8,CUST0179,Gujarat,Retail Store,Office Supplies,Pen Set,3,2304.96,0.1,6914.88,691.488,6223.392,3609.5673599999996,2613.8246400000003,42.00000000000001,Credit Card
ORD0314,2025-04-02,April,4,CUST0163,West Bengal,Online,Office Supplies,Notebook,7,1934.87,0.15,13544.09,2031.6135,11512.4765,6677.23637,4835.240130000001,42.00000000000001,UPI
ORD0315,2025-08-13,August,8,CUST0013,Karnataka,Retail Store,Office Supplies,File Folder,7,2220.32,0.1,15542.240000000002,1554.2240000000002,13988.016000000001,8113.04928,5874.966720000001,42.00000000000001,Debit Card
ORD0316,2025-11-19,November,11,CUST0204,Delhi,Online,Grocery,Biscuits,2,204.6,0.05,409.2,20.46,388.74,279.8928,108.84719999999999,27.999999999999996,UPI
ORD0317,2025-08-10,August,8,CUST0030,Karnataka,Marketplace,Office Supplies,Notebook,3,581.56,0.3,1744.6799999999998,523.4039999999999,1221.2759999999998,708.3400799999998,512.93592,42.00000000000001,Cash
ORD0318,2025-01-25,January,1,CUST0136,Gujarat,Online,Beauty,Face Wash,1,427.8,0.0,427.8,0.0,427.8,222.45600000000002,205.344,48.0,Cash
ORD0319,2025-02-04,February,2,CUST0260,Rajasthan,Marketplace,Furniture,Bookshelf,7,4493.61,0.1,31455.269999999997,3145.527,28309.742999999995,19250.625239999998,9059.117759999997,31.999999999999996,Debit Card
ORD0320,2025-07-07,July,7,CUST0083,Rajasthan,Retail Store,Beauty,Face Wash,5,2502.6,0.0,12513.0,0.0,12513.0,6506.76,6006.24,48.0,Credit Card
ORD0321,2025-08-22,August,8,CUST0013,Tamil Nadu,Marketplace,Clothing,Sneakers,6,776.24,0.0,4657.4400000000005,0.0,4657.4400000000005,2561.5920000000006,2095.848,44.99999999999999,Credit Card
ORD0322,2025-10-22,October,10,CUST0027,Rajasthan,Online,Office Supplies,File Folder,7,2330.15,0.1,16311.050000000001,1631.1050000000002,14679.945000000002,8514.3681,6165.576900000002,42.00000000000001,UPI
ORD0323,2025-08-21,August,8,CUST0275,West Bengal,Online,Grocery,Rice,5,88.72,0.05,443.6,22.180000000000003,421.42,303.4224,117.99760000000003,28.000000000000007,Credit Card
ORD0324,2025-01-10,January,1,CUST0014,Delhi,Retail Store,Clothing,Sneakers,6,894.77,0.15,5368.62,805.293,4563.327,2509.8298500000005,2053.4971499999997,44.99999999999999,Net Banking
ORD0325,2025-12-01,December,12,CUST0264,Delhi,Marketplace,Grocery,Cooking Oil,6,648.2,0.05,3889.2000000000003,194.46000000000004,3694.7400000000002,2660.2128000000002,1034.5272,27.999999999999996,Credit Card
ORD0326,2025-09-05,September,9,CUST0079,West Bengal,Marketplace,Furniture,Office Chair,7,3722.47,0.15,26057.289999999997,3908.5934999999995,22148.6965,15061.11362,7087.582879999998,31.999999999999996,Credit Card
ORD0327,2025-12-15,December,12,CUST0088,Delhi,Online,Furniture,Cabinet,2,8713.82,0.15,17427.64,2614.1459999999997,14813.493999999999,10073.17592,4740.318079999999,31.999999999999996,Cash
ORD0328,2025-11-16,November,11,CUST0147,West Bengal,Marketplace,Beauty,Shampoo,4,536.24,0.1,2144.96,214.496,1930.464,1003.84128,926.62272,48.0,Cash
ORD0329,2025-04-10,April,4,CUST0198,Tamil Nadu,Marketplace,Furniture,Cabinet,7,23717.14,0.1,166019.97999999998,16601.998,149417.982,101604.22776,47813.754239999995,32.0,UPI
ORD0330,2025-07-05,July,7,CUST0120,Karnataka,Retail Store,Furniture,Cabinet,5,11222.1,0.15,56110.5,8416.574999999999,47693.925,32431.869000000006,15262.055999999997,31.99999999999999,Net Banking
ORD0331,2025-08-23,August,8,CUST0273,Uttar Pradesh,Marketplace,Beauty,Face Wash,5,3387.96,0.2,16939.8,3387.96,13551.84,7046.9568,6504.8832,48.00000000000001,UPI
ORD0332,2025-01-21,January,1,CUST0101,Rajasthan,Marketplace,Clothing,Sneakers,3,3988.87,0.3,11966.61,3589.983,8376.627,4607.144850000001,3769.48215,44.99999999999999,UPI
ORD0333,2025-12-21,December,12,CUST0013,Delhi,Online,Furniture,Cabinet,6,19842.56,0.0,119055.36000000002,0.0,119055.36000000002,80957.64480000001,38097.715200000006,32.0,Cash
ORD0334,2025-01-31,January,1,CUST0100,Karnataka,Online,Furniture,Cabinet,1,17290.45,0.1,17290.45,1729.045,15561.405,10581.755400000002,4979.649599999999,31.99999999999999,Credit Card
ORD0335,2025-08-04,August,8,CUST0149,Tamil Nadu,Retail Store,Clothing,T-Shirt,2,4554.03,0.3,9108.06,2732.4179999999997,6375.642,3506.6031000000003,2869.0388999999996,44.99999999999999,Cash
ORD0336,2025-01-21,January,1,CUST0118,Rajasthan,Retail Store,Clothing,Formal Shirt,3,2522.82,0.0,7568.460000000001,0.0,7568.460000000001,4162.653000000001,3405.807,44.99999999999999,Cash
ORD0337,2025-10-30,October,10,CUST0280,Delhi,Retail Store,Beauty,Face Wash,2,248.49,0.1,496.98,49.69800000000001,447.28200000000004,232.58664000000002,214.69536000000002,48.0,Cash
ORD0338,2025-05-18,May,5,CUST0268,Rajasthan,Online,Office Supplies,Pen Set,1,1866.88,0.1,1866.88,186.68800000000002,1680.192,974.51136,705.68064,42.00000000000001,UPI
ORD0339,2025-08-16,August,8,CUST0119,Madhya Pradesh,Retail Store,Furniture,Table,4,11447.07,0.2,45788.28,9157.656,36630.623999999996,24908.82432,11721.799679999996,31.999999999999996,Debit Card
ORD0340,2025-06-30,June,6,CUST0134,Karnataka,Online,Furniture,Office Chair,3,11108.06,0.1,33324.18,3332.418,29991.762,20394.39816,9597.363839999998,31.999999999999996,UPI
ORD0341,2025-02-24,February,2,CUST0016,Gujarat,Online,Furniture,Table,7,10332.15,0.1,72325.05,7232.505000000001,65092.545,44262.9306,20829.6144,32.0,Debit Card
ORD0342,2025-06-09,June,6,CUST0045,Rajasthan,Marketplace,Office Supplies,Stapler,1,1554.75,0.05,1554.75,77.73750000000001,1477.0125,856.66725,620.3452500000001,42.00000000000001,Debit Card
ORD0343,2025-06-06,June,6,CUST0218,Uttar Pradesh,Retail Store,Furniture,Office Chair,2,13391.73,0.15,26783.46,4017.519,22765.941,15480.83988,7285.101119999999,32.0,Net Banking
ORD0344,2025-11-08,November,11,CUST0278,West Bengal,Online,Clothing,Jacket,2,4045.25,0.15,8090.5,1213.575,6876.925,3782.3087500000006,3094.6162499999996,44.99999999999999,Credit Card
ORD0345,2025-07-18,July,7,CUST0267,Gujarat,Marketplace,Furniture,Table,1,16504.31,0.2,16504.31,3300.8620000000005,13203.448,8978.344640000001,4225.103359999999,31.999999999999996,Debit Card
ORD0346,2025-11-17,November,11,CUST0188,West Bengal,Marketplace,Electronics,Laptop,7,60296.69,0.05,422076.83,21103.841500000002,400972.98850000004,312758.93103000004,88214.05747,21.999999999999996,Credit Card
ORD0347,2025-10-09,October,10,CUST0248,Rajasthan,Online,Electronics,Smartphone,2,8446.97,0.15,16893.94,2534.091,14359.848999999998,11200.682219999999,3159.1667799999996,22.0,Debit Card
ORD0348,2025-08-14,August,8,CUST0294,Rajasthan,Retail Store,Beauty,Shampoo,2,2442.75,0.0,4885.5,0.0,4885.5,2540.46,2345.04,48.0,Credit Card
ORD0349,2025-10-29,October,10,CUST0093,Tamil Nadu,Online,Beauty,Moisturizer,7,344.87,0.05,2414.09,120.70450000000001,2293.3855000000003,1192.5604600000001,1100.8250400000002,48.0,Cash
ORD0350,2025-06-10,June,6,CUST0156,Rajasthan,Online,Electronics,Monitor,3,53209.14,0.2,159627.41999999998,31925.483999999997,127701.93599999999,99607.51008,28094.425919999994,21.999999999999996,Debit Card
ORD0351,2025-09-09,September,9,CUST0089,Delhi,Marketplace,Office Supplies,Printer Paper,2,1354.1,0.05,2708.2,135.41,2572.79,1492.2181999999998,1080.5718000000002,42.00000000000001,Credit Card
ORD0352,2025-09-17,September,9,CUST0273,Gujarat,Retail Store,Clothing,Jeans,3,4526.67,0.1,13580.01,1358.0010000000002,12222.009,6722.104950000001,5499.904049999999,44.99999999999999,Net Banking
ORD0353,2025-12-28,December,12,CUST0039,Madhya Pradesh,Marketplace,Grocery,Tea,4,334.44,0.15,1337.76,200.664,1137.096,818.70912,318.38688,28.000000000000004,Credit Card
ORD0354,2025-12-08,December,12,CUST0036,Gujarat,Retail Store,Beauty,Moisturizer,6,2190.11,0.2,13140.66,2628.132,10512.528,5466.5145600000005,5046.01344,48.0,Net Banking
ORD0355,2025-08-04,August,8,CUST0091,Rajasthan,Online,Furniture,Bookshelf,4,6502.48,0.1,26009.92,2600.992,23408.928,15918.07104,7490.856959999999,31.999999999999996,UPI
ORD0356,2025-12-15,December,12,CUST0265,Rajasthan,Marketplace,Office Supplies,Pen Set,4,1689.84,0.0,6759.36,0.0,6759.36,3920.4287999999997,2838.9312,42.00000000000001,Credit Card
ORD0357,2025-05-09,May,5,CUST0117,Maharashtra,Marketplace,Electronics,Laptop,5,35448.31,0.15,177241.55,26586.2325,150655.3175,117511.14765000001,33144.16984999999,21.999999999999993,Debit Card
ORD0358,2025-12-12,December,12,CUST0181,Delhi,Online,Grocery,Cooking Oil,1,955.68,0.05,955.68,47.784,907.896,653.68512,254.21087999999997,27.999999999999996,UPI
ORD0359,2025-02-27,February,2,CUST0203,West Bengal,Online,Furniture,Cabinet,5,24423.38,0.0,122116.90000000001,0.0,122116.90000000001,83039.49200000001,39077.407999999996,31.999999999999996,Credit Card
ORD0360,2025-07-12,July,7,CUST0221,Uttar Pradesh,Online,Electronics,Headphones,6,57405.91,0.05,344435.46,17221.773,327213.68700000003,255226.67586000005,71987.01113999999,21.999999999999993,Debit Card
ORD0361,2025-05-29,May,5,CUST0188,Karnataka,Marketplace,Office Supplies,Printer Paper,4,1921.06,0.05,7684.24,384.212,7300.028,4234.01624,3066.0117600000003,42.00000000000001,Net Banking
ORD0362,2025-05-12,May,5,CUST0221,Tamil Nadu,Online,Furniture,Bookshelf,4,13694.65,0.05,54778.6,2738.9300000000003,52039.67,35386.9756,16652.6944,32.0,Cash
ORD0363,2025-11-20,November,11,CUST0280,Tamil Nadu,Marketplace,Furniture,Cabinet,7,22288.67,0.1,156020.69,15602.069000000001,140418.621,95484.66228000002,44933.958719999995,31.999999999999996,Cash
ORD0364,2025-01-24,January,1,CUST0181,Tamil Nadu,Marketplace,Furniture,Cabinet,4,5910.89,0.25,23643.56,5910.89,17732.670000000002,12058.215600000001,5674.4544000000005,32.0,Net Banking
ORD0365,2025-12-17,December,12,CUST0249,Rajasthan,Retail Store,Grocery,Coffee,5,930.38,0.0,4651.9,0.0,4651.9,3349.3679999999995,1302.5320000000002,28.000000000000007,UPI
ORD0366,2025-05-18,May,5,CUST0179,Rajasthan,Marketplace,Grocery,Tea,5,399.53,0.05,1997.6499999999999,99.8825,1897.7675,1366.3926,531.3749,28.000000000000004,Cash
ORD0367,2025-11-28,November,11,CUST0030,Gujarat,Online,Grocery,Biscuits,3,812.5,0.15,2437.5,365.625,2071.875,1491.75,580.125,28.000000000000004,Debit Card
ORD0368,2025-07-25,July,7,CUST0228,Karnataka,Retail Store,Electronics,Keyboard,6,27206.99,0.3,163241.94,48972.582,114269.35800000001,89130.09924000001,25139.258759999997,21.999999999999993,Net Banking
ORD0369,2025-08-29,August,8,CUST0162,West Bengal,Online,Office Supplies,Pen Set,7,1406.79,0.15,9847.529999999999,1477.1294999999998,8370.4005,4854.832289999999,3515.5682100000004,42.00000000000001,Credit Card
ORD0370,2025-08-02,August,8,CUST0153,Gujarat,Online,Electronics,Laptop,1,42288.57,0.05,42288.57,2114.4285,40174.1415,31335.83037,8838.311129999998,21.999999999999996,UPI
ORD0371,2025-07-10,July,7,CUST0088,Delhi,Marketplace,Electronics,Headphones,3,29049.0,0.25,87147.0,21786.75,65360.25,50980.995,14379.254999999997,21.999999999999996,UPI
ORD0372,2025-06-16,June,6,CUST0169,West Bengal,Online,Beauty,Perfume,6,1337.19,0.0,8023.14,0.0,8023.14,4172.0328,3851.1072000000004,48.00000000000001,Cash
ORD0373,2025-09-02,September,9,CUST0175,Karnataka,Online,Office Supplies,Notebook,1,1782.81,0.15,1782.81,267.4215,1515.3885,878.9253299999999,636.4631700000001,42.00000000000001,Debit Card
ORD0374,2025-09-28,September,9,CUST0078,Telangana,Online,Clothing,Jeans,4,2613.95,0.0,10455.8,0.0,10455.8,5750.6900000000005,4705.109999999999,44.99999999999999,Net Banking
ORD0375,2025-09-04,September,9,CUST0168,Maharashtra,Online,Clothing,T-Shirt,3,3255.98,0.15,9767.94,1465.191,8302.749,4566.51195,3736.2370499999997,44.99999999999999,Net Banking
ORD0376,2025-10-10,October,10,CUST0147,Telangana,Online,Grocery,Tea,5,1155.74,0.15,5778.7,866.805,4911.8949999999995,3536.5643999999998,1375.3305999999998,27.999999999999996,Cash
ORD0377,2025-05-31,May,5,CUST0007,Tamil Nadu,Marketplace,Furniture,Bookshelf,6,17635.82,0.2,105814.92,21162.984,84651.936,57563.31648000001,27088.619519999993,31.99999999999999,Credit Card
ORD0378,2025-09-29,September,9,CUST0124,Madhya Pradesh,Online,Office Supplies,Stapler,3,129.18,0.15,387.54,58.131,329.409,191.05721999999997,138.35178000000002,42.00000000000001,Net Banking
ORD0379,2025-11-27,November,11,CUST0005,West Bengal,Retail Store,Beauty,Sunscreen,3,1558.46,0.25,4675.38,1168.845,3506.535,1823.3982,1683.1367999999998,47.99999999999999,Debit Card
ORD0380,2025-02-02,February,2,CUST0197,Delhi,Retail Store,Grocery,Tea,2,547.68,0.15,1095.36,164.30399999999997,931.0559999999999,670.3603199999999,260.69568000000004,28.000000000000007,UPI
ORD0381,2025-05-21,May,5,CUST0215,Maharashtra,Retail Store,Clothing,Formal Shirt,6,4534.18,0.0,27205.08,0.0,27205.08,14962.794000000002,12242.286,44.99999999999999,Cash
ORD0382,2025-01-29,January,1,CUST0218,Telangana,Online,Furniture,Desk,7,12220.43,0.3,85543.01000000001,25662.903000000002,59880.107,40718.472760000004,19161.63424,31.999999999999996,Credit Card
ORD0383,2025-11-21,November,11,CUST0219,Madhya Pradesh,Marketplace,Clothing,Jacket,6,3555.22,0.05,21331.32,1066.566,20264.754,11145.614700000002,9119.139299999999,44.99999999999999,Debit Card
ORD0384,2025-09-23,September,9,CUST0280,Telangana,Retail Store,Furniture,Desk,1,19153.63,0.15,19153.63,2873.0445,16280.585500000001,11070.79814,5209.78736,32.0,Debit Card
ORD0385,2025-10-22,October,10,CUST0041,Rajasthan,Marketplace,Office Supplies,Stapler,5,2321.25,0.0,11606.25,0.0,11606.25,6731.624999999999,4874.625000000001,42.00000000000001,Debit Card
ORD0386,2025-11-18,November,11,CUST0207,Telangana,Online,Grocery,Rice,5,67.38,0.3,336.9,101.07,235.82999999999998,169.7976,66.0324,28.000000000000004,UPI
ORD0387,2025-04-10,April,4,CUST0083,Telangana,Online,Office Supplies,Printer Paper,4,104.84,0.05,419.36,20.968000000000004,398.392,231.06735999999998,167.32464000000002,42.00000000000001,Net Banking
ORD0388,2025-03-20,March,3,CUST0248,Rajasthan,Retail Store,Office Supplies,Notebook,6,2353.74,0.0,14122.439999999999,0.0,14122.439999999999,8191.015199999999,5931.4248,42.00000000000001,Net Banking
ORD0389,2025-10-11,October,10,CUST0137,Uttar Pradesh,Marketplace,Electronics,Laptop,1,29979.97,0.25,29979.97,7494.9925,22484.9775,17538.282450000002,4946.695049999998,21.999999999999993,Credit Card
ORD0390,2025-03-14,March,3,CUST0176,Rajasthan,Online,Beauty,Shampoo,6,822.18,0.15,4933.08,739.962,4193.118,2180.4213600000003,2012.6966400000001,48.0,Credit Card
ORD0391,2025-10-10,October,10,CUST0127,West Bengal,Marketplace,Grocery,Tea,2,156.52,0.15,313.04,46.956,266.084,191.58048,74.50352000000001,28.000000000000004,Net Banking
ORD0392,2025-03-14,March,3,CUST0043,West Bengal,Online,Office Supplies,Printer Paper,2,2491.03,0.05,4982.06,249.10300000000004,4732.957,2745.11506,1987.8419400000002,42.00000000000001,Credit Card
ORD0393,2025-07-31,July,7,CUST0047,Madhya Pradesh,Online,Beauty,Sunscreen,7,857.59,0.25,6003.13,1500.7825,4502.3475,2341.2207,2161.1268,48.00000000000001,Debit Card
ORD0394,2025-10-17,October,10,CUST0161,Delhi,Retail Store,Office Supplies,Printer Paper,5,1119.45,0.05,5597.25,279.8625,5317.3875,3084.0847499999995,2233.3027500000003,42.00000000000001,Credit Card
ORD0395,2025-02-07,February,2,CUST0174,Maharashtra,Retail Store,Office Supplies,Notebook,4,2338.51,0.1,9354.04,935.4040000000001,8418.636,4882.80888,3535.827120000001,42.00000000000001,Debit Card
ORD0396,2025-08-26,August,8,CUST0107,West Bengal,Marketplace,Office Supplies,Notebook,6,990.67,0.25,5944.0199999999995,1486.0049999999999,4458.014999999999,2585.6486999999993,1872.3663000000001,42.00000000000001,Cash
ORD0397,2025-10-11,October,10,CUST0187,Gujarat,Retail Store,Electronics,Keyboard,6,57009.96,0.0,342059.76,0.0,342059.76,266806.6128,75253.1472,22.0,Credit Card
ORD0398,2025-12-29,December,12,CUST0114,Gujarat,Marketplace,Office Supplies,Stapler,4,2100.74,0.1,8402.96,840.2959999999999,7562.663999999999,4386.345119999999,3176.31888,42.00000000000001,Credit Card
ORD0399,2025-12-20,December,12,CUST0214,Karnataka,Online,Grocery,Biscuits,3,738.67,0.05,2216.0099999999998,110.8005,2105.2095,1515.75084,589.45866,28.000000000000004,Cash
ORD0400,2025-07-26,July,7,CUST0121,Madhya Pradesh,Retail Store,Electronics,Keyboard,7,48638.72,0.0,340471.04000000004,0.0,340471.04000000004,265567.41120000003,74903.6288,22.0,Net Banking
ORD0401,2025-05-13,May,5,CUST0109,Uttar Pradesh,Marketplace,Electronics,Headphones,2,61724.28,0.15,123448.56,18517.284,104931.276,81846.39528,23084.88072,22.0,Cash
ORD0402,2025-03-10,March,3,CUST0234,Karnataka,Online,Electronics,Keyboard,4,60699.98,0.1,242799.92,24279.992000000002,218519.928,170445.54384000003,48074.38415999999,21.999999999999993,Net Banking
ORD0403,2025-11-15,November,11,CUST0032,Karnataka,Online,Furniture,Table,4,22134.31,0.2,88537.24,17707.448,70829.792,48164.25856,22665.53344,32.0,Credit Card
ORD0404,2025-06-26,June,6,CUST0213,West Bengal,Retail Store,Furniture,Bookshelf,2,23675.22,0.25,47350.44,11837.61,35512.83,24148.724400000003,11364.105599999999,31.999999999999996,Net Banking
ORD0405,2025-02-04,February,2,CUST0076,Karnataka,Marketplace,Grocery,Rice,1,1037.64,0.15,1037.64,155.64600000000002,881.9940000000001,635.0356800000001,246.95832000000007,28.000000000000004,UPI
ORD0406,2025-10-12,October,10,CUST0112,Karnataka,Online,Beauty,Face Wash,7,791.54,0.15,5540.78,831.117,4709.663,2449.02476,2260.6382399999998,48.0,Net Banking
ORD0407,2025-05-14,May,5,CUST0209,Telangana,Marketplace,Clothing,Jeans,2,2132.33,0.1,4264.66,426.466,3838.194,2111.0067000000004,1727.1872999999996,44.99999999999999,Credit Card
ORD0408,2025-04-25,April,4,CUST0206,Karnataka,Marketplace,Clothing,Jacket,2,3355.74,0.15,6711.48,1006.7219999999999,5704.758,3137.6169,2567.1411,45.0,Cash
ORD0409,2025-06-01,June,6,CUST0019,Maharashtra,Retail Store,Office Supplies,Printer Paper,5,1095.37,0.2,5476.849999999999,1095.37,4381.48,2541.2583999999997,1840.2215999999999,42.0,UPI
ORD0410,2025-12-20,December,12,CUST0239,Madhya Pradesh,Online,Office Supplies,File Folder,5,2189.26,0.15,10946.300000000001,1641.9450000000002,9304.355000000001,5396.525900000001,3907.829100000001,42.00000000000001,Net Banking
ORD0411,2025-10-22,October,10,CUST0007,Telangana,Online,Furniture,Cabinet,1,7140.67,0.1,7140.67,714.067,6426.603,4370.09004,2056.51296,32.0,UPI
ORD0412,2025-08-29,August,8,CUST0207,Gujarat,Marketplace,Grocery,Cooking Oil,1,1035.91,0.15,1035.91,155.3865,880.5235,633.97692,246.54658000000006,28.000000000000007,Cash
ORD0413,2025-05-24,May,5,CUST0093,West Bengal,Retail Store,Electronics,Laptop,6,49236.29,0.1,295417.74,29541.774,265875.966,207383.25348,58492.71252,22.0,Debit Card
ORD0414,2025-12-30,December,12,CUST0147,Delhi,Online,Office Supplies,File Folder,6,1999.74,0.1,11998.44,1199.844,10798.596000000001,6263.1856800000005,4535.410320000001,42.00000000000001,Debit Card
ORD0415,2025-05-19,May,5,CUST0048,Delhi,Retail Store,Beauty,Perfume,6,1479.83,0.2,8878.98,1775.796,7103.183999999999,3693.65568,3409.5283199999994,48.0,UPI
ORD0416,2025-12-26,December,12,CUST0173,Delhi,Retail Store,Clothing,Formal Shirt,7,866.11,0.15,6062.77,909.4155000000001,5153.3545,2834.3449750000004,2319.009525,44.99999999999999,Net Banking
ORD0417,2025-12-01,December,12,CUST0003,Rajasthan,Retail Store,Clothing,Jacket,5,3574.83,0.1,17874.15,1787.4150000000002,16086.735,8847.70425,7239.03075,44.99999999999999,Cash
ORD0418,2025-03-01,March,3,CUST0235,Delhi,Retail Store,Clothing,T-Shirt,3,4112.01,0.15,12336.03,1850.4045,10485.6255,5767.094025,4718.531475,44.99999999999999,UPI
ORD0419,2025-12-14,December,12,CUST0136,West Bengal,Retail Store,Clothing,Jeans,2,4750.45,0.1,9500.9,950.09,8550.81,4702.9455,3847.8644999999997,45.0,Net Banking
ORD0420,2025-11-14,November,11,CUST0192,Karnataka,Online,Furniture,Table,4,5657.3,0.15,22629.2,3394.38,19234.82,13079.6776,6155.142399999999,31.999999999999996,Net Banking
ORD0421,2025-08-03,August,8,CUST0245,Rajasthan,Retail Store,Office Supplies,Printer Paper,5,1669.92,0.25,8349.6,2087.4,6262.200000000001,3632.076,2630.1240000000007,42.00000000000001,Cash
ORD0422,2025-06-19,June,6,CUST0104,West Bengal,Online,Beauty,Moisturizer,5,2552.17,0.1,12760.85,1276.085,11484.765,5972.0778,5512.687199999999,48.0,Credit Card
ORD0423,2025-04-04,April,4,CUST0081,Telangana,Retail Store,Grocery,Cooking Oil,4,883.0,0.15,3532.0,529.8,3002.2,2161.584,840.616,28.000000000000004,Cash
ORD0424,2025-12-12,December,12,CUST0294,West Bengal,Marketplace,Furniture,Bookshelf,6,20415.43,0.05,122492.58,6124.629000000001,116367.951,79130.20668,37237.74432,32.0,Debit Card
ORD0425,2025-08-10,August,8,CUST0110,Uttar Pradesh,Marketplace,Beauty,Shampoo,1,1944.79,0.2,1944.79,388.958,1555.8319999999999,809.03264,746.7993599999999,47.99999999999999,Net Banking
ORD0426,2025-07-26,July,7,CUST0204,Madhya Pradesh,Online,Clothing,Formal Shirt,7,5908.18,0.2,41357.26,8271.452000000001,33085.808000000005,18197.194400000004,14888.6136,44.99999999999999,Net Banking
ORD0427,2025-04-06,April,4,CUST0178,Rajasthan,Online,Office Supplies,Pen Set,7,1437.61,0.0,10063.269999999999,0.0,10063.269999999999,5836.696599999998,4226.5734,42.00000000000001,Net Banking
ORD0428,2025-04-14,April,4,CUST0182,Rajasthan,Marketplace,Beauty,Perfume,6,511.28,0.15,3067.68,460.152,2607.528,1355.91456,1251.6134399999999,48.0,Cash
ORD0429,2025-10-26,October,10,CUST0163,Madhya Pradesh,Marketplace,Beauty,Perfume,7,2844.45,0.15,19911.149999999998,2986.6724999999997,16924.477499999997,8800.728299999999,8123.749199999998,48.0,Debit Card
ORD0430,2025-07-06,July,7,CUST0291,Rajasthan,Retail Store,Beauty,Shampoo,3,1539.84,0.0,4619.5199999999995,0.0,4619.5199999999995,2402.1504,2217.3695999999995,47.99999999999999,UPI
ORD0431,2025-12-22,December,12,CUST0125,Telangana,Marketplace,Office Supplies,Notebook,2,1452.15,0.15,2904.3,435.64500000000004,2468.655,1431.8199,1036.8351000000002,42.00000000000001,Cash
ORD0432,2025-03-02,March,3,CUST0061,West Bengal,Marketplace,Beauty,Moisturizer,7,2618.91,0.15,18332.37,2749.8554999999997,15582.5145,8102.90754,7479.606959999999,48.0,Credit Card
ORD0433,2025-07-02,July,7,CUST0149,Delhi,Retail Store,Clothing,T-Shirt,5,3981.9,0.1,19909.5,1990.95,17918.55,9855.202500000001,8063.347499999998,44.99999999999999,Credit Card
ORD0434,2025-06-15,June,6,CUST0155,Karnataka,Retail Store,Electronics,Smartphone,6,11040.84,0.1,66245.04000000001,6624.504000000001,59620.53600000001,46504.01808000001,13116.517919999998,21.999999999999993,Debit Card
ORD0435,2025-10-04,October,10,CUST0182,Telangana,Retail Store,Clothing,Jacket,5,799.15,0.15,3995.75,599.3625,3396.3875,1868.013125,1528.3743749999999,45.0,UPI
ORD0436,2025-03-05,March,3,CUST0214,Delhi,Marketplace,Clothing,T-Shirt,1,1486.46,0.15,1486.46,222.969,1263.491,694.9200500000001,568.5709499999999,44.99999999999999,Net Banking
ORD0437,2025-05-22,May,5,CUST0059,Tamil Nadu,Retail Store,Furniture,Table,4,17921.4,0.0,71685.6,0.0,71685.6,48746.208000000006,22939.392,31.999999999999996,Debit Card
ORD0438,2025-06-05,June,6,CUST0230,Delhi,Retail Store,Furniture,Desk,6,22336.35,0.15,134018.09999999998,20102.714999999997,113915.38499999998,77462.46179999999,36452.92319999999,31.999999999999996,Debit Card
ORD0439,2025-12-30,December,12,CUST0209,Uttar Pradesh,Marketplace,Office Supplies,Pen Set,6,1786.34,0.0,10718.039999999999,0.0,10718.039999999999,6216.463199999999,4501.5768,42.00000000000001,Net Banking
ORD0440,2025-08-27,August,8,CUST0073,Maharashtra,Marketplace,Office Supplies,Stapler,5,2020.18,0.25,10100.9,2525.225,7575.674999999999,4393.8915,3181.7834999999995,42.0,Net Banking
ORD0441,2025-08-22,August,8,CUST0207,Gujarat,Retail Store,Electronics,Monitor,7,42373.25,0.15,296612.75,44491.9125,252120.8375,196654.25325,55466.584249999985,21.999999999999993,Cash
ORD0442,2025-08-19,August,8,CUST0298,Maharashtra,Retail Store,Beauty,Moisturizer,7,1506.67,0.15,10546.69,1582.0035,8964.6865,4661.63698,4303.04952,48.0,Credit Card
ORD0443,2025-03-12,March,3,CUST0216,Telangana,Marketplace,Clothing,Formal Shirt,2,1761.51,0.1,3523.02,352.302,3170.718,1743.8949,1426.8230999999998,44.99999999999999,Cash
ORD0444,2025-10-20,October,10,CUST0056,Karnataka,Marketplace,Grocery,Coffee,1,1162.93,0.1,1162.93,116.293,1046.6370000000002,753.5786400000001,293.0583600000001,28.000000000000007,Cash
ORD0445,2025-05-18,May,5,CUST0036,Gujarat,Retail Store,Clothing,Sneakers,1,2445.33,0.1,2445.33,244.53300000000002,2200.797,1210.4383500000001,990.3586499999999,44.99999999999999,Credit Card
ORD0446,2025-06-15,June,6,CUST0096,Gujarat,Retail Store,Grocery,Cooking Oil,2,1003.71,0.15,2007.42,301.113,1706.307,1228.54104,477.76595999999995,27.999999999999996,Debit Card
ORD0447,2025-04-22,April,4,CUST0223,Telangana,Online,Clothing,Jeans,6,5314.73,0.1,31888.379999999997,3188.8379999999997,28699.541999999998,15784.7481,12914.793899999997,44.99999999999999,Net Banking
ORD0448,2025-07-03,July,7,CUST0018,Maharashtra,Online,Furniture,Desk,1,6791.33,0.1,6791.33,679.133,6112.197,4156.29396,1955.9030400000001,32.0,Net Banking
ORD0449,2025-12-03,December,12,CUST0208,West Bengal,Marketplace,Electronics,Monitor,4,8901.92,0.1,35607.68,3560.768,32046.912,24996.591360000002,7050.320639999998,21.999999999999993,Cash
ORD0450,2025-02-07,February,2,CUST0018,Karnataka,Marketplace,Office Supplies,Stapler,4,967.37,0.2,3869.48,773.8960000000001,3095.584,1795.4387199999999,1300.14528,42.0,Debit Card
ORD0451,2025-12-11,December,12,CUST0077,West Bengal,Retail Store,Grocery,Tea,5,1073.37,0.2,5366.849999999999,1073.37,4293.48,3091.3055999999997,1202.1743999999999,28.000000000000004,Cash
ORD0452,2025-02-08,February,2,CUST0120,Gujarat,Retail Store,Electronics,Headphones,5,45715.03,0.05,228575.15,11428.7575,217146.3925,169374.18615,47772.20634999999,21.999999999999996,Cash
ORD0453,2025-05-11,May,5,CUST0200,Karnataka,Retail Store,Beauty,Face Wash,6,2924.85,0.05,17549.1,877.4549999999999,16671.644999999997,8669.255399999998,8002.389599999999,48.0,Debit Card
ORD0454,2025-09-13,September,9,CUST0255,Gujarat,Retail Store,Office Supplies,Stapler,4,1436.28,0.2,5745.12,1149.0240000000001,4596.096,2665.73568,1930.3603199999998,42.0,UPI
ORD0455,2025-05-07,May,5,CUST0013,Telangana,Retail Store,Electronics,Laptop,7,20437.83,0.25,143064.81,35766.2025,107298.6075,83692.91385,23605.69365,22.0,Cash
ORD0456,2025-07-24,July,7,CUST0273,Tamil Nadu,Retail Store,Electronics,Smartphone,6,23126.1,0.15,138756.59999999998,20813.489999999994,117943.10999999999,91995.6258,25947.48419999999,21.999999999999993,Debit Card
ORD0457,2025-04-19,April,4,CUST0229,Madhya Pradesh,Online,Grocery,Coffee,3,323.87,0.25,971.61,242.9025,728.7075,524.6694,204.0381,27.999999999999996,Credit Card
ORD0458,2025-09-03,September,9,CUST0096,Delhi,Online,Furniture,Desk,7,15930.49,0.3,111513.43,33454.028999999995,78059.401,53080.392680000004,24979.008319999994,31.999999999999996,Net Banking
ORD0459,2025-06-20,June,6,CUST0116,West Bengal,Retail Store,Beauty,Perfume,6,874.68,0.1,5248.08,524.808,4723.272,2456.10144,2267.17056,48.00000000000001,Net Banking
ORD0460,2025-06-29,June,6,CUST0001,Maharashtra,Marketplace,Grocery,Cooking Oil,1,1030.93,0.25,1030.93,257.7325,773.1975,556.7022,216.49530000000004,28.000000000000007,UPI
ORD0461,2025-10-15,October,10,CUST0072,Madhya Pradesh,Marketplace,Clothing,Jeans,1,4753.6,0.25,4753.6,1188.4,3565.2000000000003,1960.8600000000004,1604.34,44.99999999999999,Debit Card
ORD0462,2025-05-19,May,5,CUST0221,Gujarat,Online,Office Supplies,Printer Paper,7,1954.65,0.05,13682.550000000001,684.1275,12998.4225,7539.08505,5459.337450000001,42.00000000000001,Net Banking
ORD0463,2025-07-11,July,7,CUST0139,Tamil Nadu,Online,Office Supplies,File Folder,6,310.12,0.05,1860.72,93.036,1767.684,1025.2567199999999,742.4272800000001,42.00000000000001,Debit Card
ORD0464,2025-03-04,March,3,CUST0147,Tamil Nadu,Retail Store,Office Supplies,Stapler,7,737.19,0.15,5160.33,774.0495,4386.2805,2544.0426899999998,1842.23781,42.00000000000001,Credit Card
ORD0465,2025-02-07,February,2,CUST0177,Uttar Pradesh,Retail Store,Beauty,Sunscreen,3,1870.89,0.1,5612.67,561.267,5051.403,2626.72956,2424.67344,48.0,Cash
ORD0466,2025-02-27,February,2,CUST0083,Telangana,Marketplace,Electronics,Headphones,1,27772.5,0.1,27772.5,2777.25,24995.25,19496.295000000002,5498.954999999998,21.999999999999993,Cash
ORD0467,2025-07-29,July,7,CUST0137,Tamil Nadu,Marketplace,Electronics,Keyboard,7,64136.21,0.25,448953.47,112238.3675,336715.1025,262637.77995,74077.32254999998,21.999999999999996,UPI
ORD0468,2025-10-17,October,10,CUST0073,Telangana,Retail Store,Office Supplies,Pen Set,2,112.06,0.0,224.12,0.0,224.12,129.9896,94.13040000000001,42.00000000000001,Debit Card
ORD0469,2025-06-01,June,6,CUST0271,Maharashtra,Online,Beauty,Sunscreen,3,2698.26,0.0,8094.780000000001,0.0,8094.780000000001,4209.2856,3885.4944000000005,48.00000000000001,Cash
ORD0470,2025-10-09,October,10,CUST0132,Karnataka,Marketplace,Furniture,Office Chair,7,22403.2,0.25,156822.4,39205.6,117616.79999999999,79979.424,37637.37599999999,31.999999999999996,UPI
ORD0471,2025-03-07,March,3,CUST0116,Rajasthan,Online,Grocery,Coffee,3,443.42,0.1,1330.26,133.026,1197.234,862.00848,335.22551999999996,27.999999999999996,UPI
ORD0472,2025-10-21,October,10,CUST0025,Gujarat,Online,Beauty,Shampoo,7,3334.67,0.05,23342.690000000002,1167.1345000000001,22175.555500000002,11531.288860000002,10644.26664,47.99999999999999,Net Banking
ORD0473,2025-03-11,March,3,CUST0091,Delhi,Online,Electronics,Monitor,3,27605.59,0.15,82816.77,12422.5155,70394.25450000001,54907.51851000001,15486.735990000001,21.999999999999996,Debit Card
ORD0474,2025-08-02,August,8,CUST0200,Karnataka,Marketplace,Office Supplies,File Folder,2,1445.39,0.25,2890.78,722.695,2168.085,1257.4893,910.5957000000001,42.00000000000001,Net Banking
ORD0475,2025-08-25,August,8,CUST0197,West Bengal,Marketplace,Beauty,Shampoo,7,1393.09,0.0,9751.63,0.0,9751.63,5070.8476,4680.782399999999,47.99999999999999,UPI
ORD0476,2025-12-26,December,12,CUST0090,Tamil Nadu,Marketplace,Clothing,Formal Shirt,3,4122.95,0.1,12368.849999999999,1236.885,11131.964999999998,6122.580749999999,5009.384249999999,45.0,Net Banking
ORD0477,2025-08-08,August,8,CUST0184,Delhi,Marketplace,Furniture,Table,6,8342.59,0.3,50055.54,15016.662,35038.878,23826.43704,11212.440959999996,31.99999999999999,UPI
ORD0478,2025-03-17,March,3,CUST0249,Telangana,Retail Store,Electronics,Smartphone,7,20440.81,0.3,143085.67,42925.701,100159.96900000001,78124.77582000001,22035.193180000002,22.0,Net Banking
ORD0479,2025-12-01,December,12,CUST0008,Madhya Pradesh,Online,Electronics,Smartphone,6,35208.97,0.1,211253.82,21125.382,190128.438,148300.18164,41828.25636,22.0,Net Banking
ORD0480,2025-05-25,May,5,CUST0163,Tamil Nadu,Online,Grocery,Coffee,1,462.08,0.25,462.08,115.52,346.56,249.5232,97.0368,27.999999999999996,Debit Card
ORD0481,2025-09-26,September,9,CUST0006,Gujarat,Retail Store,Electronics,Smartphone,7,25287.3,0.25,177011.1,44252.775,132758.325,103551.49350000001,29206.8315,21.999999999999996,UPI
ORD0482,2025-08-05,August,8,CUST0198,Delhi,Retail Store,Furniture,Table,2,23584.95,0.1,47169.9,4716.990000000001,42452.91,28867.978800000004,13584.931199999999,31.999999999999996,UPI
ORD0483,2025-09-06,September,9,CUST0019,Maharashtra,Online,Grocery,Biscuits,6,128.72,0.1,772.3199999999999,77.232,695.088,500.46335999999997,194.62464,28.000000000000004,Debit Card
ORD0484,2025-04-10,April,4,CUST0145,Karnataka,Marketplace,Office Supplies,Printer Paper,2,2100.75,0.2,4201.5,840.3000000000001,3361.2,1949.4959999999999,1411.704,42.0,UPI
ORD0485,2025-12-21,December,12,CUST0239,Uttar Pradesh,Marketplace,Clothing,Sneakers,5,3424.14,0.1,17120.7,1712.0700000000002,15408.630000000001,8474.746500000001,6933.8835,44.99999999999999,Cash
ORD0486,2025-12-12,December,12,CUST0136,Tamil Nadu,Marketplace,Clothing,Jacket,5,4405.63,0.0,22028.15,0.0,22028.15,12115.482500000002,9912.6675,44.99999999999999,UPI
ORD0487,2025-02-14,February,2,CUST0125,West Bengal,Marketplace,Furniture,Desk,7,23521.84,0.25,164652.88,41163.22,123489.66,83972.9688,39516.6912,32.0,Credit Card
ORD0488,2025-07-16,July,7,CUST0173,Karnataka,Online,Beauty,Shampoo,5,1514.15,0.1,7570.75,757.075,6813.675,3543.1110000000003,3270.564,48.0,Net Banking
ORD0489,2025-04-18,April,4,CUST0146,Tamil Nadu,Retail Store,Clothing,T-Shirt,5,5532.83,0.05,27664.15,1383.2075000000002,26280.9425,14454.518375000001,11826.424125,44.99999999999999,Net Banking
ORD0490,2025-07-21,July,7,CUST0106,Madhya Pradesh,Marketplace,Clothing,Sneakers,6,2288.66,0.0,13731.96,0.0,13731.96,7552.578,6179.381999999999,44.99999999999999,UPI
ORD0491,2025-10-24,October,10,CUST0291,Rajasthan,Online,Office Supplies,Stapler,5,2157.26,0.2,10786.300000000001,2157.26,8629.04,5004.8432,3624.1968000000006,42.00000000000001,Debit Card
ORD0492,2025-09-08,September,9,CUST0270,Madhya Pradesh,Retail Store,Furniture,Office Chair,3,24946.51,0.05,74839.53,3741.9765,71097.5535,48346.33638,22751.217119999994,31.999999999999996,Debit Card
ORD0493,2025-08-21,August,8,CUST0069,Uttar Pradesh,Marketplace,Electronics,Laptop,7,11744.45,0.25,82211.15000000001,20552.787500000002,61658.3625,48093.522750000004,13564.83975,21.999999999999996,Cash
ORD0494,2025-08-25,August,8,CUST0094,Karnataka,Marketplace,Electronics,Laptop,2,59183.98,0.0,118367.96,0.0,118367.96,92327.00880000001,26040.951199999996,21.999999999999993,UPI
ORD0495,2025-11-30,November,11,CUST0011,Gujarat,Online,Office Supplies,File Folder,4,905.5,0.0,3622.0,0.0,3622.0,2100.7599999999998,1521.2400000000002,42.00000000000001,UPI
ORD0496,2025-03-05,March,3,CUST0272,Madhya Pradesh,Marketplace,Furniture,Desk,4,3308.43,0.25,13233.72,3308.43,9925.289999999999,6749.1972,3176.0927999999994,31.999999999999996,Debit Card
ORD0497,2025-07-06,July,7,CUST0239,Telangana,Online,Furniture,Table,6,20086.35,0.1,120518.09999999999,12051.81,108466.29,73757.0772,34709.212799999994,31.999999999999996,Credit Card
ORD0498,2025-11-11,November,11,CUST0191,Karnataka,Retail Store,Office Supplies,Stapler,3,1458.57,0.2,4375.71,875.142,3500.568,2030.32944,1470.2385600000002,42.00000000000001,Cash
ORD0499,2025-05-21,May,5,CUST0292,Gujarat,Online,Grocery,Cooking Oil,3,976.5,0.05,2929.5,146.475,2783.025,2003.778,779.2470000000001,28.000000000000004,Cash
ORD0500,2025-10-11,October,10,CUST0151,Telangana,Marketplace,Grocery,Coffee,5,770.43,0.05,3852.1499999999996,192.6075,3659.5424999999996,2634.8705999999997,1024.6718999999998,27.999999999999996,Cash
ORD0501,2025-05-04,May,5,CUST0275,Telangana,Online,Beauty,Sunscreen,5,2600.85,0.1,13004.25,1300.4250000000002,11703.825,6085.9890000000005,5617.836,48.0,Debit Card
ORD0502,2025-11-07,November,11,CUST0164,Delhi,Retail Store,Clothing,Jeans,5,1320.87,0.05,6604.349999999999,330.2175,6274.1325,3450.772875,2823.3596249999996,44.99999999999999,Net Banking
ORD0503,2025-12-22,December,12,CUST0221,Uttar Pradesh,Retail Store,Grocery,Tea,5,438.16,0.2,2190.8,438.1600000000001,1752.64,1261.9008000000001,490.7392,27.999999999999996,Cash
ORD0504,2025-11-25,November,11,CUST0148,West Bengal,Retail Store,Office Supplies,Printer Paper,3,1655.45,0.25,4966.35,1241.5875,3724.7625000000003,2160.36225,1564.4002500000001,42.0,Net Banking
ORD0505,2025-12-09,December,12,CUST0300,Delhi,Online,Grocery,Cooking Oil,3,464.55,0.15,1393.65,209.0475,1184.6025,852.9137999999999,331.68870000000004,28.000000000000004,UPI
ORD0506,2025-04-16,April,4,CUST0163,West Bengal,Online,Clothing,Formal Shirt,3,1429.84,0.1,4289.5199999999995,428.952,3860.5679999999993,2123.3124,1737.2555999999995,44.99999999999999,Debit Card
ORD0507,2025-04-05,April,4,CUST0194,Tamil Nadu,Online,Beauty,Sunscreen,2,1633.39,0.1,3266.78,326.67800000000005,2940.1020000000003,1528.8530400000002,1411.2489600000001,48.0,Debit Card
ORD0508,2025-03-29,March,3,CUST0095,Madhya Pradesh,Online,Electronics,Headphones,3,39702.87,0.2,119108.61000000002,23821.722000000005,95286.888,74323.77264000001,20963.115359999996,21.999999999999993,Cash
ORD0509,2025-11-17,November,11,CUST0280,Uttar Pradesh,Marketplace,Clothing,Jeans,5,4709.5,0.05,23547.5,1177.375,22370.125,12303.56875,10066.55625,45.0,Debit Card
ORD0510,2025-10-23,October,10,CUST0195,Telangana,Marketplace,Furniture,Office Chair,3,24186.02,0.05,72558.06,3627.9030000000002,68930.15699999999,46872.50676,22057.650239999995,31.999999999999996,Credit Card
ORD0511,2025-11-01,November,11,CUST0284,West Bengal,Online,Furniture,Desk,4,2530.29,0.1,10121.16,1012.116,9109.044,6194.149920000001,2914.894079999999,31.99999999999999,Cash
ORD0512,2025-10-25,October,10,CUST0246,Rajasthan,Online,Electronics,Monitor,5,45685.02,0.15,228425.09999999998,34263.76499999999,194161.335,151445.8413,42715.49369999999,21.999999999999996,Credit Card
ORD0513,2025-12-29,December,12,CUST0089,Delhi,Online,Office Supplies,Stapler,1,2492.58,0.05,2492.58,124.629,2367.951,1373.41158,994.5394200000001,42.00000000000001,Credit Card
ORD0514,2025-07-20,July,7,CUST0060,Delhi,Online,Furniture,Bookshelf,1,8318.31,0.0,8318.31,0.0,8318.31,5656.4508,2661.8592,32.0,Cash
ORD0515,2025-06-13,June,6,CUST0194,Gujarat,Online,Grocery,Coffee,3,778.42,0.2,2335.2599999999998,467.05199999999996,1868.2079999999999,1345.1097599999998,523.09824,28.000000000000004,Credit Card
ORD0516,2025-04-20,April,4,CUST0128,Telangana,Retail Store,Grocery,Tea,5,741.05,0.1,3705.25,370.52500000000003,3334.725,2401.002,933.723,27.999999999999996,Net Banking
ORD0517,2025-01-22,January,1,CUST0217,Madhya Pradesh,Online,Grocery,Tea,7,852.51,0.25,5967.57,1491.8925,4475.6775,3222.4878,1253.1897,27.999999999999996,Cash
ORD0518,2025-01-18,January,1,CUST0187,Gujarat,Online,Grocery,Biscuits,3,341.68,0.2,1025.04,205.008,820.0319999999999,590.4230399999999,229.60896000000002,28.000000000000007,Cash
ORD0519,2025-12-03,December,12,CUST0288,Madhya Pradesh,Online,Beauty,Perfume,7,2036.71,0.1,14256.970000000001,1425.6970000000001,12831.273000000001,6672.261960000001,6159.01104,48.0,Credit Card
ORD0520,2025-09-18,September,9,CUST0206,Madhya Pradesh,Online,Beauty,Moisturizer,3,1526.69,0.15,4580.07,687.0105,3893.0595,2024.39094,1868.6685599999998,48.0,UPI
ORD0521,2025-03-24,March,3,CUST0251,Uttar Pradesh,Marketplace,Grocery,Coffee,6,155.91,0.2,935.46,187.092,748.368,538.82496,209.54304000000002,28.000000000000004,UPI
ORD0522,2025-10-12,October,10,CUST0219,West Bengal,Marketplace,Grocery,Rice,7,681.2,0.1,4768.400000000001,476.8400000000001,4291.56,3089.9232,1201.6368000000002,28.000000000000004,Cash
ORD0523,2025-12-09,December,12,CUST0054,Telangana,Marketplace,Office Supplies,Stapler,7,2469.61,0.1,17287.27,1728.727,15558.543,9023.95494,6534.58806,42.0,Debit Card
ORD0524,2025-07-12,July,7,CUST0008,Maharashtra,Online,Furniture,Bookshelf,5,9379.24,0.1,46896.2,4689.62,42206.579999999994,28700.4744,13506.105599999995,31.999999999999996,Cash
ORD0525,2025-06-12,June,6,CUST0276,West Bengal,Marketplace,Beauty,Perfume,3,594.55,0.15,1783.6499999999999,267.54749999999996,1516.1025,788.3733,727.7292,48.0,Debit Card
ORD0526,2025-10-02,October,10,CUST0188,West Bengal,Retail Store,Grocery,Tea,3,762.05,0.05,2286.1499999999996,114.30749999999999,2171.8424999999997,1563.7265999999997,608.1159,28.000000000000004,Cash
ORD0527,2025-04-21,April,4,CUST0200,Telangana,Retail Store,Beauty,Moisturizer,5,3004.87,0.05,15024.349999999999,751.2175,14273.132499999998,7422.028899999999,6851.103599999999,48.0,Credit Card
ORD0528,2025-10-26,October,10,CUST0240,Karnataka,Marketplace,Beauty,Perfume,4,2745.99,0.15,10983.96,1647.5939999999998,9336.366,4854.91032,4481.45568,48.0,Debit Card
ORD0529,2025-06-03,June,6,CUST0275,Rajasthan,Retail Store,Furniture,Table,3,23482.25,0.1,70446.75,7044.675,63402.075,43113.411,20288.663999999997,31.999999999999996,UPI
ORD0530,2025-08-08,August,8,CUST0263,Karnataka,Online,Electronics,Monitor,3,54165.69,0.15,162497.07,24374.5605,138122.50950000001,107735.55741000001,30386.952090000006,22.000000000000004,UPI
ORD0531,2025-06-03,June,6,CUST0046,Gujarat,Online,Grocery,Coffee,6,437.9,0.25,2627.3999999999996,656.8499999999999,1970.5499999999997,1418.7959999999998,551.7539999999999,27.999999999999996,UPI
ORD0532,2025-04-28,April,4,CUST0007,Telangana,Marketplace,Grocery,Tea,1,1161.53,0.15,1161.53,174.2295,987.3004999999999,710.8563599999999,276.44414000000006,28.000000000000007,UPI
ORD0533,2025-08-03,August,8,CUST0026,West Bengal,Retail Store,Beauty,Sunscreen,7,1249.34,0.15,8745.38,1311.8069999999998,7433.572999999999,3865.4579599999997,3568.1150399999997,48.0,Debit Card
ORD0534,2025-12-19,December,12,CUST0273,Maharashtra,Retail Store,Clothing,Sneakers,6,1390.58,0.15,8343.48,1251.522,7091.958,3900.5769,3191.3810999999996,44.99999999999999,Net Banking
ORD0535,2025-06-22,June,6,CUST0047,Gujarat,Retail Store,Grocery,Tea,1,527.05,0.1,527.05,52.705,474.34499999999997,341.5284,132.8166,28.000000000000004,Credit Card
ORD0536,2025-11-16,November,11,CUST0169,Telangana,Retail Store,Electronics,Laptop,2,49638.07,0.05,99276.14,4963.807000000001,94312.333,73563.61974,20748.713260000004,22.000000000000007,Net Banking
ORD0537,2025-11-02,November,11,CUST0188,Delhi,Online,Grocery,Tea,3,438.8,0.05,1316.4,65.82000000000001,1250.5800000000002,900.4176000000001,350.16240000000005,28.000000000000004,Debit Card
ORD0538,2025-08-06,August,8,CUST0189,Maharashtra,Online,Clothing,Jacket,1,730.8,0.1,730.8,73.08,657.7199999999999,361.746,295.97399999999993,44.99999999999999,Cash
ORD0539,2025-09-01,September,9,CUST0146,Maharashtra,Marketplace,Office Supplies,Pen Set,3,1458.04,0.25,4374.12,1093.53,3280.59,1902.7422,1377.8478000000002,42.00000000000001,Debit Card
ORD0540,2025-01-31,January,1,CUST0039,West Bengal,Retail Store,Clothing,Jacket,5,943.38,0.25,4716.9,1179.225,3537.6749999999997,1945.72125,1591.9537499999997,44.99999999999999,Credit Card
ORD0541,2025-04-18,April,4,CUST0255,Karnataka,Online,Clothing,T-Shirt,6,2478.87,0.1,14873.22,1487.3220000000001,13385.898,7362.2439,6023.654099999999,44.99999999999999,Credit Card
ORD0542,2025-12-12,December,12,CUST0152,Rajasthan,Marketplace,Furniture,Cabinet,5,11368.06,0.15,56840.299999999996,8526.044999999998,48314.255,32853.693400000004,15460.561599999994,31.99999999999999,Credit Card
ORD0543,2025-04-05,April,4,CUST0229,Rajasthan,Retail Store,Grocery,Biscuits,5,62.07,0.25,310.35,77.5875,232.76250000000002,167.589,65.17350000000002,28.000000000000007,UPI
ORD0544,2025-09-03,September,9,CUST0190,Gujarat,Marketplace,Beauty,Shampoo,4,2887.48,0.05,11549.92,577.496,10972.424,5705.6604800000005,5266.76352,48.0,Cash
ORD0545,2025-06-21,June,6,CUST0236,Rajasthan,Online,Grocery,Cooking Oil,2,739.38,0.25,1478.76,369.69,1109.07,798.5303999999999,310.53960000000006,28.000000000000007,UPI
ORD0546,2025-12-30,December,12,CUST0210,Uttar Pradesh,Online,Office Supplies,Printer Paper,7,2069.17,0.2,14484.19,2896.838,11587.352,6720.66416,4866.6878400000005,42.00000000000001,Net Banking
ORD0547,2025-01-22,January,1,CUST0185,Gujarat,Marketplace,Furniture,Bookshelf,4,23546.01,0.1,94184.04,9418.404,84765.636,57640.63248,27125.00352,32.0,Cash
ORD0548,2025-08-12,August,8,CUST0150,Gujarat,Marketplace,Clothing,Formal Shirt,3,3941.08,0.15,11823.24,1773.4859999999999,10049.754,5527.364700000001,4522.3893,44.99999999999999,Credit Card
ORD0549,2025-02-22,February,2,CUST0123,Maharashtra,Marketplace,Office Supplies,Printer Paper,2,1403.2,0.1,2806.4,280.64000000000004,2525.76,1464.9408,1060.8192000000001,42.00000000000001,Cash
ORD0550,2025-01-29,January,1,CUST0147,Maharashtra,Marketplace,Office Supplies,Printer Paper,6,1024.25,0.2,6145.5,1229.1000000000001,4916.4,2851.5119999999997,2064.888,42.00000000000001,Cash
ORD0551,2025-06-24,June,6,CUST0016,Maharashtra,Online,Clothing,Sneakers,3,841.23,0.0,2523.69,0.0,2523.69,1388.0295,1135.6605,44.99999999999999,Net Banking
ORD0552,2025-11-23,November,11,CUST0001,Telangana,Marketplace,Grocery,Rice,2,263.07,0.1,526.14,52.614000000000004,473.52599999999995,340.93871999999993,132.58728000000002,28.000000000000007,UPI
ORD0553,2025-11-02,November,11,CUST0279,Rajasthan,Marketplace,Clothing,Formal Shirt,1,1198.19,0.05,1198.19,59.90950000000001,1138.2805,626.0542750000001,512.226225,44.99999999999999,Debit Card
ORD0554,2025-01-25,January,1,CUST0146,West Bengal,Marketplace,Furniture,Bookshelf,6,11098.14,0.15,66588.84,9988.326,56600.513999999996,38488.34952,18112.164479999992,31.99999999999999,UPI
ORD0555,2025-08-20,August,8,CUST0006,Tamil Nadu,Marketplace,Clothing,Formal Shirt,4,2344.54,0.05,9378.16,468.908,8909.252,4900.088600000001,4009.1633999999995,44.99999999999999,Net Banking
ORD0556,2025-07-16,July,7,CUST0066,Telangana,Marketplace,Electronics,Keyboard,4,18204.8,0.2,72819.2,14563.84,58255.36,45439.1808,12816.179199999999,21.999999999999996,Credit Card
ORD0557,2025-06-24,June,6,CUST0203,Maharashtra,Marketplace,Clothing,Formal Shirt,7,2903.78,0.15,20326.460000000003,3048.9690000000005,17277.491,9502.620050000001,7774.87095,44.99999999999999,Credit Card
ORD0558,2025-08-26,August,8,CUST0193,Maharashtra,Marketplace,Grocery,Biscuits,6,889.78,0.1,5338.68,533.868,4804.812,3459.4646399999997,1345.3473600000002,28.000000000000004,Credit Card
ORD0559,2025-03-17,March,3,CUST0028,Uttar Pradesh,Online,Clothing,T-Shirt,4,4523.59,0.1,18094.36,1809.4360000000001,16284.924,8956.708200000001,7328.2158,44.99999999999999,Net Banking
ORD0560,2025-04-09,April,4,CUST0126,Karnataka,Retail Store,Furniture,Table,7,11855.92,0.1,82991.44,8299.144,74692.296,50790.761280000006,23901.534719999996,31.999999999999996,Debit Card
ORD0561,2025-06-22,June,6,CUST0282,Tamil Nadu,Online,Grocery,Rice,4,889.7,0.15,3558.8,533.82,3024.98,2177.9856,846.9944,28.000000000000004,UPI
ORD0562,2025-03-06,March,3,CUST0158,Delhi,Marketplace,Grocery,Rice,7,398.25,0.15,2787.75,418.16249999999997,2369.5875,1706.103,663.4845,28.000000000000004,Net Banking
ORD0563,2025-11-09,November,11,CUST0168,Maharashtra,Retail Store,Office Supplies,Printer Paper,5,639.05,0.0,3195.25,0.0,3195.25,1853.245,1342.005,42.00000000000001,Cash
ORD0564,2025-12-13,December,12,CUST0287,Gujarat,Retail Store,Grocery,Coffee,3,849.2,0.15,2547.6000000000004,382.14000000000004,2165.4600000000005,1559.1312000000003,606.3288000000002,28.000000000000004,Net Banking
ORD0565,2025-06-26,June,6,CUST0028,West Bengal,Retail Store,Clothing,T-Shirt,5,5515.78,0.0,27578.899999999998,0.0,27578.899999999998,15168.395,12410.504999999997,44.99999999999999,Credit Card
ORD0566,2025-10-24,October,10,CUST0075,Delhi,Marketplace,Grocery,Coffee,3,378.47,0.15,1135.41,170.3115,965.0985000000001,694.8709200000001,270.22758,27.999999999999996,Debit Card
ORD0567,2025-08-13,August,8,CUST0237,Maharashtra,Retail Store,Office Supplies,Notebook,2,1814.59,0.1,3629.18,362.918,3266.2619999999997,1894.4319599999997,1371.83004,42.00000000000001,Cash
ORD0568,2025-06-02,June,6,CUST0226,Maharashtra,Marketplace,Beauty,Moisturizer,1,3043.49,0.15,3043.49,456.52349999999996,2586.9665,1345.22258,1241.74392,48.0,UPI
ORD0569,2025-01-16,January,1,CUST0236,Tamil Nadu,Marketplace,Grocery,Cooking Oil,3,344.11,0.1,1032.33,103.233,929.097,668.94984,260.14716,27.999999999999996,Credit Card
ORD0570,2025-12-11,December,12,CUST0048,Karnataka,Marketplace,Beauty,Shampoo,5,2140.37,0.1,10701.849999999999,1070.185,9631.664999999999,5008.4658,4623.199199999999,48.0,Credit Card
ORD0571,2025-01-30,January,1,CUST0015,Uttar Pradesh,Marketplace,Electronics,Laptop,4,41001.73,0.0,164006.92,0.0,164006.92,127925.39760000001,36081.5224,22.0,Net Banking
ORD0572,2025-05-17,May,5,CUST0069,Karnataka,Online,Furniture,Table,4,8484.95,0.1,33939.8,3393.9800000000005,30545.820000000003,20771.157600000002,9774.662400000001,32.0,Credit Card
ORD0573,2025-04-21,April,4,CUST0189,West Bengal,Marketplace,Furniture,Office Chair,5,23464.16,0.3,117320.8,35196.24,82124.56,55844.700800000006,26279.85919999999,31.99999999999999,Net Banking
ORD0574,2025-09-24,September,9,CUST0141,Gujarat,Retail Store,Office Supplies,Stapler,5,431.5,0.2,2157.5,431.5,1726.0,1001.0799999999999,724.9200000000001,42.00000000000001,UPI
ORD0575,2025-11-04,November,11,CUST0296,Karnataka,Online,Furniture,Cabinet,6,11740.36,0.05,70442.16,3522.108,66920.052,45505.63536,21414.416639999996,31.999999999999996,Credit Card
ORD0576,2025-06-28,June,6,CUST0276,Karnataka,Online,Beauty,Sunscreen,7,699.52,0.05,4896.639999999999,244.832,4651.807999999999,2418.9401599999997,2232.8678399999994,48.0,Credit Card
ORD0577,2025-06-02,June,6,CUST0070,Maharashtra,Retail Store,Beauty,Moisturizer,2,2097.7,0.05,4195.4,209.76999999999998,3985.6299999999997,2072.5276,1913.1023999999998,48.0,Credit Card
ORD0578,2025-03-16,March,3,CUST0144,Tamil Nadu,Online,Grocery,Tea,4,907.0,0.05,3628.0,181.4,3446.6,2481.5519999999997,965.0480000000002,28.000000000000007,UPI
ORD0579,2025-02-04,February,2,CUST0030,Maharashtra,Online,Grocery,Rice,1,806.37,0.15,806.37,120.9555,685.4145,493.49843999999996,191.91606000000002,28.000000000000004,Debit Card
ORD0580,2025-03-13,March,3,CUST0273,Karnataka,Marketplace,Furniture,Desk,4,15999.28,0.1,63997.12,6399.712,57597.408,39166.237440000004,18431.17056,31.999999999999996,Credit Card
ORD0581,2025-02-05,February,2,CUST0285,West Bengal,Marketplace,Electronics,Laptop,6,47348.4,0.25,284090.4,71022.6,213067.80000000002,166192.88400000002,46874.916,21.999999999999996,Debit Card
ORD0582,2025-01-26,January,1,CUST0166,Maharashtra,Retail Store,Office Supplies,File Folder,6,848.95,0.2,5093.700000000001,1018.7400000000002,4074.9600000000005,2363.4768,1711.4832000000006,42.00000000000001,Debit Card
ORD0583,2025-11-24,November,11,CUST0109,Madhya Pradesh,Online,Office Supplies,Stapler,4,794.66,0.2,3178.64,635.7280000000001,2542.912,1474.8889599999998,1068.02304,42.00000000000001,Debit Card
ORD0584,2025-09-03,September,9,CUST0230,Karnataka,Marketplace,Beauty,Face Wash,7,2567.63,0.1,17973.41,1797.3410000000001,16176.069,8411.55588,7764.51312,48.0,Debit Card
ORD0585,2025-11-27,November,11,CUST0165,West Bengal,Marketplace,Furniture,Office Chair,5,16811.07,0.1,84055.35,8405.535000000002,75649.815,51441.874200000006,24207.940799999997,31.999999999999996,Debit Card
ORD0586,2025-02-17,February,2,CUST0270,Madhya Pradesh,Marketplace,Office Supplies,Printer Paper,4,2341.28,0.1,9365.12,936.5120000000002,8428.608,4888.59264,3540.0153600000003,42.00000000000001,Credit Card
ORD0587,2025-07-25,July,7,CUST0050,Uttar Pradesh,Marketplace,Furniture,Bookshelf,7,4095.61,0.1,28669.27,2866.927,25802.343,17545.593240000002,8256.749759999999,31.999999999999996,Net Banking
ORD0588,2025-12-27,December,12,CUST0241,Madhya Pradesh,Retail Store,Furniture,Table,5,5633.22,0.0,28166.100000000002,0.0,28166.100000000002,19152.948000000004,9013.151999999998,31.99999999999999,UPI
ORD0589,2025-12-15,December,12,CUST0192,West Bengal,Retail Store,Furniture,Bookshelf,2,12414.96,0.25,24829.92,6207.48,18622.44,12663.2592,5959.180799999998,31.999999999999996,Credit Card
ORD0590,2025-07-28,July,7,CUST0085,Gujarat,Retail Store,Beauty,Moisturizer,6,3068.28,0.1,18409.68,1840.968,16568.712,8615.73024,7952.981759999999,47.99999999999999,Net Banking
ORD0591,2025-09-29,September,9,CUST0130,Uttar Pradesh,Online,Furniture,Desk,2,17654.8,0.05,35309.6,1765.48,33544.119999999995,22810.0016,10734.118399999996,31.99999999999999,UPI
ORD0592,2025-11-21,November,11,CUST0165,Tamil Nadu,Online,Beauty,Sunscreen,4,205.42,0.1,821.68,82.168,739.512,384.54624,354.96575999999993,47.99999999999999,Credit Card
ORD0593,2025-07-04,July,7,CUST0214,Rajasthan,Retail Store,Furniture,Cabinet,1,14961.03,0.1,14961.03,1496.103,13464.927,9156.15036,4308.77664,32.0,Debit Card
ORD0594,2025-04-07,April,4,CUST0216,Uttar Pradesh,Online,Furniture,Desk,7,23398.18,0.1,163787.26,16378.726000000002,147408.534,100237.80312000001,47170.73088,32.0,Debit Card
ORD0595,2025-06-20,June,6,CUST0228,Rajasthan,Retail Store,Office Supplies,Printer Paper,1,1824.92,0.0,1824.92,0.0,1824.92,1058.4536,766.4664,42.0,Credit Card
ORD0596,2025-12-28,December,12,CUST0113,Gujarat,Marketplace,Electronics,Keyboard,5,12626.36,0.1,63131.8,6313.18,56818.62,44318.5236,12500.096400000002,22.000000000000004,Credit Card
ORD0597,2025-03-20,March,3,CUST0196,Maharashtra,Marketplace,Furniture,Desk,7,17610.72,0.0,123275.04000000001,0.0,123275.04000000001,83827.02720000001,39448.0128,31.999999999999996,Credit Card
ORD0598,2025-09-20,September,9,CUST0052,Delhi,Marketplace,Grocery,Coffee,6,949.88,0.25,5699.28,1424.82,4274.46,3077.6112,1196.8488000000002,28.000000000000004,Net Banking
ORD0599,2025-11-30,November,11,CUST0184,Maharashtra,Retail Store,Electronics,Monitor,3,26575.24,0.3,79725.72,23917.716,55808.004,43530.24312,12277.760880000002,22.000000000000004,Debit Card
ORD0600,2025-11-24,November,11,CUST0083,Rajasthan,Marketplace,Electronics,Laptop,6,21746.42,0.05,130478.51999999999,6523.9259999999995,123954.59399999998,96684.58331999999,27270.010679999992,21.999999999999996,Cash
ORD0601,2025-04-09,April,4,CUST0126,Maharashtra,Online,Grocery,Cooking Oil,6,554.44,0.3,3326.6400000000003,997.9920000000001,2328.648,1676.62656,652.0214400000002,28.000000000000007,Credit Card
ORD0602,2025-01-31,January,1,CUST0207,Tamil Nadu,Retail Store,Grocery,Biscuits,2,392.3,0.05,784.6,39.230000000000004,745.37,536.6664,208.70360000000005,28.000000000000007,Debit Card
ORD0603,2025-02-26,February,2,CUST0198,Gujarat,Online,Clothing,Jacket,2,5501.86,0.05,11003.72,550.186,10453.534,5749.443700000001,4704.090299999999,44.99999999999999,UPI
ORD0604,2025-08-07,August,8,CUST0054,Tamil Nadu,Retail Store,Beauty,Perfume,5,658.71,0.1,3293.55,329.355,2964.195,1541.3814000000002,1422.8136,48.0,UPI
ORD0605,2025-04-10,April,4,CUST0181,Karnataka,Marketplace,Furniture,Desk,3,2823.58,0.2,8470.74,1694.1480000000001,6776.592,4608.08256,2168.50944,32.0,Net Banking
ORD0606,2025-07-25,July,7,CUST0125,Madhya Pradesh,Online,Grocery,Tea,7,731.05,0.15,5117.349999999999,767.6024999999998,4349.7474999999995,3131.8181999999997,1217.9292999999998,27.999999999999996,UPI
ORD0607,2025-12-06,December,12,CUST0211,Delhi,Retail Store,Electronics,Keyboard,6,14738.68,0.1,88432.08,8843.208,79588.872,62079.32016,17509.55184,22.0,UPI
ORD0608,2025-10-06,October,10,CUST0282,Madhya Pradesh,Marketplace,Furniture,Table,5,24002.11,0.3,120010.55,36003.165,84007.38500000001,57125.02180000001,26882.3632,31.999999999999996,Net Banking
ORD0609,2025-02-24,February,2,CUST0097,Karnataka,Retail Store,Office Supplies,File Folder,1,1794.29,0.1,1794.29,179.429,1614.8609999999999,936.6193799999999,678.24162,42.00000000000001,Credit Card
ORD0610,2025-02-04,February,2,CUST0169,Karnataka,Marketplace,Office Supplies,Pen Set,7,1619.83,0.1,11338.81,1133.881,10204.929,5918.8588199999995,4286.070180000001,42.00000000000001,Credit Card
ORD0611,2025-02-01,February,2,CUST0270,Uttar Pradesh,Retail Store,Furniture,Desk,3,4053.33,0.1,12159.99,1215.999,10943.991,7441.913880000001,3502.077119999999,31.99999999999999,Credit Card
ORD0612,2025-08-14,August,8,CUST0097,Telangana,Marketplace,Grocery,Cooking Oil,4,684.73,0.05,2738.92,136.946,2601.974,1873.42128,728.5527200000001,28.000000000000004,Debit Card
ORD0613,2025-07-23,July,7,CUST0187,Delhi,Retail Store,Electronics,Smartphone,7,51280.72,0.15,358965.04000000004,53844.756,305120.28400000004,237993.82152000006,67126.46247999999,21.999999999999993,Cash
ORD0614,2025-04-24,April,4,CUST0203,Telangana,Online,Beauty,Sunscreen,7,857.84,0.1,6004.88,600.488,5404.392,2810.28384,2594.1081599999998,48.0,Debit Card
ORD0615,2025-04-27,April,4,CUST0120,Madhya Pradesh,Online,Grocery,Coffee,1,142.67,0.05,142.67,7.1335,135.5365,97.58627999999999,37.95022,28.000000000000004,UPI
ORD0616,2025-05-10,May,5,CUST0273,Gujarat,Retail Store,Electronics,Smartphone,4,15025.11,0.1,60100.44,6010.044000000001,54090.396,42190.50888,11899.88712,21.999999999999996,Debit Card
ORD0617,2025-12-07,December,12,CUST0274,Telangana,Online,Beauty,Sunscreen,2,3118.78,0.15,6237.56,935.634,5301.926,2757.0015200000003,2544.92448,48.0,Credit Card
ORD0618,2025-01-17,January,1,CUST0047,West Bengal,Online,Electronics,Headphones,6,51309.95,0.1,307859.69999999995,30785.969999999998,277073.73,216117.50939999998,60956.2206,22.000000000000004,Cash
ORD0619,2025-09-04,September,9,CUST0154,Madhya Pradesh,Retail Store,Office Supplies,File Folder,2,2306.1,0.1,4612.2,461.22,4150.98,2407.5683999999997,1743.4116,42.00000000000001,Debit Card
ORD0620,2025-10-25,October,10,CUST0184,Maharashtra,Marketplace,Office Supplies,Notebook,1,818.16,0.1,818.16,81.816,736.3439999999999,427.07951999999995,309.26448,42.00000000000001,Credit Card
ORD0621,2025-12-21,December,12,CUST0189,Rajasthan,Retail Store,Clothing,T-Shirt,4,5675.46,0.15,22701.84,3405.276,19296.564,10613.1102,8683.4538,45.0,UPI
ORD0622,2025-01-25,January,1,CUST0157,Karnataka,Retail Store,Furniture,Table,6,17659.52,0.1,105957.12,10595.712,95361.408,64845.75744,30515.650559999995,31.999999999999996,UPI
ORD0623,2025-11-30,November,11,CUST0026,West Bengal,Online,Office Supplies,Stapler,2,589.75,0.05,1179.5,58.975,1120.525,649.9045,470.6205000000001,42.00000000000001,Debit Card
ORD0624,2025-03-09,March,3,CUST0286,Madhya Pradesh,Retail Store,Beauty,Perfume,2,3358.54,0.1,6717.08,671.7080000000001,6045.371999999999,3143.5934399999996,2901.7785599999997,48.0,UPI
ORD0625,2025-09-26,September,9,CUST0066,Telangana,Online,Grocery,Coffee,6,563.74,0.05,3382.44,169.122,3213.318,2313.58896,899.7290400000002,28.000000000000004,UPI
ORD0626,2025-09-11,September,9,CUST0183,Tamil Nadu,Retail Store,Clothing,Sneakers,2,1342.29,0.15,2684.58,402.68699999999995,2281.893,1255.04115,1026.85185,45.0,Debit Card
ORD0627,2025-06-11,June,6,CUST0278,Delhi,Marketplace,Clothing,Formal Shirt,5,3336.22,0.1,16681.1,1668.11,15012.989999999998,8257.1445,6755.845499999998,44.99999999999999,Debit Card
ORD0628,2025-03-12,March,3,CUST0135,Gujarat,Marketplace,Office Supplies,Pen Set,6,596.78,0.2,3580.68,716.136,2864.544,1661.4355199999998,1203.10848,42.00000000000001,Credit Card
ORD0629,2025-03-10,March,3,CUST0017,Telangana,Online,Beauty,Sunscreen,5,593.05,0.05,2965.25,148.26250000000002,2816.9875,1464.8335000000002,1352.154,48.0,UPI
ORD0630,2025-09-24,September,9,CUST0014,Karnataka,Retail Store,Grocery,Cooking Oil,2,816.97,0.1,1633.94,163.394,1470.546,1058.79312,411.75288,27.999999999999996,Cash
ORD0631,2025-10-21,October,10,CUST0122,Madhya Pradesh,Online,Clothing,Jacket,7,1923.97,0.0,13467.79,0.0,13467.79,7407.284500000001,6060.5055,45.0,Debit Card
ORD0632,2025-09-14,September,9,CUST0106,Gujarat,Retail Store,Clothing,T-Shirt,7,3803.21,0.05,26622.47,1331.1235000000001,25291.3465,13910.240575000002,11381.105924999998,44.99999999999999,Cash
ORD0633,2025-12-04,December,12,CUST0262,Tamil Nadu,Online,Beauty,Moisturizer,3,3244.59,0.2,9733.77,1946.7540000000001,7787.0160000000005,4049.2483200000006,3737.76768,48.0,Debit Card
ORD0634,2025-05-20,May,5,CUST0228,Telangana,Online,Electronics,Monitor,2,38133.43,0.1,76266.86,7626.686000000001,68640.174,53539.33572,15100.838279999996,21.999999999999993,Cash
ORD0635,2025-12-28,December,12,CUST0149,Delhi,Retail Store,Clothing,Sneakers,5,4120.69,0.1,20603.449999999997,2060.345,18543.104999999996,10198.707749999998,8344.397249999998,45.0,UPI
ORD0636,2025-05-09,May,5,CUST0086,Telangana,Marketplace,Furniture,Desk,6,21319.35,0.2,127916.09999999999,25583.22,102332.87999999999,69586.3584,32746.521599999993,31.999999999999996,UPI
ORD0637,2025-02-20,February,2,CUST0200,Gujarat,Retail Store,Furniture,Cabinet,6,13412.9,0.0,80477.4,0.0,80477.4,54724.632,25752.767999999996,31.999999999999996,UPI
ORD0638,2025-02-08,February,2,CUST0244,Telangana,Marketplace,Electronics,Smartphone,3,52631.01,0.2,157893.03,31578.606,126314.424,98525.25072,27789.173280000003,22.000000000000004,UPI
ORD0639,2025-06-29,June,6,CUST0226,West Bengal,Retail Store,Furniture,Cabinet,2,15478.18,0.0,30956.36,0.0,30956.36,21050.324800000002,9906.035199999998,31.999999999999996,UPI
ORD0640,2025-08-01,August,8,CUST0084,Maharashtra,Marketplace,Furniture,Desk,2,4762.66,0.1,9525.32,952.532,8572.788,5829.4958400000005,2743.29216,31.999999999999996,Net Banking
ORD0641,2025-09-03,September,9,CUST0030,Gujarat,Retail Store,Furniture,Table,6,10379.47,0.15,62276.81999999999,9341.523,52935.29699999999,35996.001959999994,16939.295039999997,32.0,UPI
ORD0642,2025-05-19,May,5,CUST0013,Tamil Nadu,Online,Furniture,Table,2,15204.4,0.1,30408.8,3040.88,27367.92,18610.1856,8757.734399999998,31.999999999999996,Credit Card
ORD0643,2025-07-29,July,7,CUST0208,Madhya Pradesh,Retail Store,Beauty,Sunscreen,6,1790.66,0.2,10743.960000000001,2148.7920000000004,8595.168000000001,4469.487360000001,4125.6806400000005,48.0,UPI
ORD0644,2025-01-18,January,1,CUST0285,Maharashtra,Retail Store,Electronics,Headphones,5,17382.16,0.0,86910.8,0.0,86910.8,67790.424,19120.376000000004,22.000000000000004,Credit Card
ORD0645,2025-09-07,September,9,CUST0077,Gujarat,Retail Store,Clothing,Sneakers,2,588.15,0.3,1176.3,352.89,823.41,452.87550000000005,370.5344999999999,44.99999999999999,Credit Card
ORD0646,2025-05-07,May,5,CUST0016,Karnataka,Retail Store,Beauty,Perfume,7,3277.47,0.15,22942.289999999997,3441.3434999999995,19500.9465,10140.49218,9360.454319999999,48.0,UPI
ORD0647,2025-02-01,February,2,CUST0169,Gujarat,Retail Store,Beauty,Shampoo,5,2340.65,0.25,11703.25,2925.8125,8777.4375,4564.2675,4213.17,48.0,Credit Card
ORD0648,2025-09-05,September,9,CUST0198,Madhya Pradesh,Marketplace,Clothing,Sneakers,3,2155.31,0.05,6465.93,323.29650000000004,6142.6335,3378.448425,2764.185075,45.0,Credit Card
ORD0649,2025-05-31,May,5,CUST0219,Karnataka,Online,Beauty,Moisturizer,5,1746.24,0.05,8731.2,436.56000000000006,8294.640000000001,4313.212800000001,3981.4272,47.99999999999999,Net Banking
ORD0650,2025-09-12,September,9,CUST0090,Gujarat,Online,Clothing,Sneakers,7,615.55,0.0,4308.849999999999,0.0,4308.849999999999,2369.8675,1938.9824999999996,44.99999999999999,UPI
ORD0651,2025-01-12,January,1,CUST0099,Gujarat,Retail Store,Beauty,Shampoo,6,2294.04,0.15,13764.24,2064.636,11699.604,6083.79408,5615.80992,48.0,Net Banking
ORD0652,2025-04-13,April,4,CUST0042,Rajasthan,Online,Furniture,Office Chair,5,17723.89,0.1,88619.45,8861.945,79757.505,54235.10340000001,25522.401599999997,31.999999999999996,UPI
ORD0653,2025-07-19,July,7,CUST0166,Gujarat,Online,Beauty,Moisturizer,3,875.85,0.2,2627.55,525.5100000000001,2102.04,1093.0608,1008.9792,48.0,Debit Card
ORD0654,2025-01-10,January,1,CUST0292,West Bengal,Marketplace,Clothing,Sneakers,6,5906.21,0.15,35437.26,5315.589,30121.671000000002,16566.919050000004,13554.751949999998,44.99999999999999,Credit Card
ORD0655,2025-04-11,April,4,CUST0063,West Bengal,Marketplace,Office Supplies,Printer Paper,1,2186.88,0.05,2186.88,109.34400000000001,2077.536,1204.9708799999999,872.5651200000002,42.00000000000001,UPI
ORD0656,2025-09-17,September,9,CUST0028,Telangana,Online,Beauty,Shampoo,1,640.04,0.05,640.04,32.002,608.038,316.17976000000004,291.85823999999997,47.99999999999999,Credit Card
ORD0657,2025-01-01,January,1,CUST0174,Telangana,Retail Store,Furniture,Desk,1,11499.62,0.0,11499.62,0.0,11499.62,7819.741600000001,3679.8783999999996,31.999999999999996,UPI
ORD0658,2025-10-21,October,10,CUST0199,Karnataka,Retail Store,Grocery,Rice,4,856.26,0.1,3425.04,342.504,3082.536,2219.42592,863.1100799999999,27.999999999999996,Debit Card
ORD0659,2025-10-26,October,10,CUST0080,West Bengal,Marketplace,Furniture,Cabinet,7,22973.43,0.15,160814.01,24122.1015,136691.90850000002,92950.49778000002,43741.41072,31.999999999999996,Debit Card
ORD0660,2025-07-14,July,7,CUST0124,Madhya Pradesh,Marketplace,Grocery,Coffee,1,145.71,0.2,145.71,29.142000000000003,116.56800000000001,83.92896,32.63904000000001,28.000000000000004,Cash
ORD0661,2025-12-17,December,12,CUST0084,Karnataka,Online,Clothing,Formal Shirt,7,1713.92,0.05,11997.44,599.8720000000001,11397.568000000001,6268.662400000001,5128.9056,44.99999999999999,UPI
ORD0662,2025-02-06,February,2,CUST0062,Uttar Pradesh,Marketplace,Beauty,Sunscreen,3,1206.18,0.05,3618.54,180.92700000000002,3437.613,1787.55876,1650.05424,48.0,Cash
ORD0663,2025-01-07,January,1,CUST0194,Gujarat,Marketplace,Electronics,Smartphone,4,12292.18,0.1,49168.72,4916.872,44251.848,34516.44144,9735.406559999996,21.999999999999993,Credit Card
ORD0664,2025-10-24,October,10,CUST0128,Maharashtra,Online,Beauty,Face Wash,7,3140.76,0.1,21985.32,2198.532,19786.788,10289.12976,9497.65824,48.00000000000001,Cash
ORD0665,2025-08-19,August,8,CUST0145,Gujarat,Retail Store,Grocery,Rice,5,930.75,0.0,4653.75,0.0,4653.75,3350.7,1303.0500000000002,28.000000000000004,Cash
ORD0666,2025-10-23,October,10,CUST0161,Tamil Nadu,Online,Grocery,Coffee,3,81.17,0.2,243.51,48.702,194.808,140.26175999999998,54.54624000000001,28.000000000000007,Debit Card
ORD0667,2025-10-19,October,10,CUST0071,Telangana,Marketplace,Furniture,Cabinet,4,11257.19,0.25,45028.76,11257.19,33771.57,22964.6676,10806.902399999999,31.999999999999996,Cash
ORD0668,2025-05-07,May,5,CUST0025,Gujarat,Online,Grocery,Cooking Oil,7,108.08,0.1,756.56,75.65599999999999,680.904,490.25088,190.65312,28.000000000000004,UPI
ORD0669,2025-04-03,April,4,CUST0277,Maharashtra,Online,Office Supplies,Pen Set,1,2497.1,0.0,2497.1,0.0,2497.1,1448.3179999999998,1048.7820000000002,42.00000000000001,UPI
ORD0670,2025-05-07,May,5,CUST0172,Delhi,Online,Beauty,Moisturizer,6,410.87,0.0,2465.2200000000003,0.0,2465.2200000000003,1281.9144000000001,1183.3056000000001,48.0,Net Banking
ORD0671,2025-03-28,March,3,CUST0118,Telangana,Retail Store,Electronics,Headphones,1,43637.32,0.25,43637.32,10909.33,32727.989999999998,25527.8322,7200.157799999997,21.999999999999993,Cash
ORD0672,2025-11-25,November,11,CUST0100,Maharashtra,Online,Electronics,Keyboard,3,22685.02,0.1,68055.06,6805.506,61249.554,47774.65212,13474.901879999998,21.999999999999996,Credit Card
ORD0673,2025-09-03,September,9,CUST0197,Uttar Pradesh,Online,Office Supplies,Notebook,7,1379.98,0.1,9659.86,965.9860000000001,8693.874,5042.446919999999,3651.4270800000004,42.00000000000001,Cash
ORD0674,2025-11-03,November,11,CUST0268,Delhi,Online,Grocery,Biscuits,5,642.44,0.3,3212.2000000000003,963.6600000000001,2248.54,1618.9488,629.5912000000001,28.000000000000004,Debit Card
ORD0675,2025-10-06,October,10,CUST0271,Tamil Nadu,Online,Electronics,Headphones,1,27776.66,0.1,27776.66,2777.666,24998.994,19499.21532,5499.778679999999,22.0,Debit Card
ORD0676,2025-07-30,July,7,CUST0109,Madhya Pradesh,Retail Store,Beauty,Moisturizer,4,2528.12,0.05,10112.48,505.624,9606.856,4995.56512,4611.29088,48.0,Debit Card
ORD0677,2025-04-06,April,4,CUST0027,Delhi,Marketplace,Grocery,Rice,7,637.76,0.1,4464.32,446.432,4017.888,2892.87936,1125.00864,28.000000000000004,Net Banking
ORD0678,2025-03-23,March,3,CUST0038,West Bengal,Marketplace,Clothing,T-Shirt,6,5592.05,0.15,33552.3,5032.845,28519.455,15685.700250000002,12833.75475,44.99999999999999,Debit Card
ORD0679,2025-02-04,February,2,CUST0167,Uttar Pradesh,Online,Furniture,Table,5,14064.0,0.15,70320.0,10548.0,59772.0,40644.96000000001,19127.039999999994,31.99999999999999,Cash
ORD0680,2025-07-13,July,7,CUST0166,Karnataka,Marketplace,Office Supplies,Notebook,6,1750.65,0.05,10503.900000000001,525.195,9978.705000000002,5787.648900000001,4191.056100000001,42.0,UPI
ORD0681,2025-05-15,May,5,CUST0178,Telangana,Retail Store,Electronics,Monitor,7,35988.13,0.1,251916.90999999997,25191.691,226725.21899999998,176845.67082,49879.54817999998,21.999999999999993,Cash
ORD0682,2025-12-25,December,12,CUST0122,Madhya Pradesh,Marketplace,Furniture,Office Chair,2,12506.04,0.15,25012.08,3751.812,21260.268000000004,14456.982240000003,6803.285760000001,31.999999999999996,Debit Card
ORD0683,2025-09-09,September,9,CUST0045,Telangana,Marketplace,Office Supplies,Printer Paper,7,1290.5,0.0,9033.5,0.0,9033.5,5239.429999999999,3794.0700000000006,42.00000000000001,Cash
ORD0684,2025-09-28,September,9,CUST0003,Rajasthan,Retail Store,Grocery,Cooking Oil,6,1020.38,0.1,6122.28,612.228,5510.052,3967.2374399999994,1542.8145600000003,28.000000000000007,Debit Card
ORD0685,2025-03-08,March,3,CUST0269,Tamil Nadu,Retail Store,Beauty,Perfume,4,1795.71,0.05,7182.84,359.14200000000005,6823.698,3548.3229600000004,3275.37504,48.0,Credit Card
ORD0686,2025-08-19,August,8,CUST0219,Maharashtra,Online,Electronics,Monitor,4,20171.94,0.1,80687.76,8068.776,72618.984,56642.80752,15976.176479999995,21.999999999999993,Debit Card
ORD0687,2025-09-16,September,9,CUST0291,Tamil Nadu,Online,Clothing,Formal Shirt,1,2168.06,0.15,2168.06,325.209,1842.8509999999999,1013.56805,829.2829499999999,44.99999999999999,Cash
ORD0688,2025-10-29,October,10,CUST0232,Madhya Pradesh,Marketplace,Grocery,Rice,5,463.63,0.15,2318.15,347.7225,1970.4275,1418.7078,551.7197000000001,28.000000000000004,UPI
ORD0689,2025-09-15,September,9,CUST0171,Telangana,Retail Store,Electronics,Headphones,5,31323.41,0.1,156617.05,15661.705,140955.345,109945.1691,31010.175900000002,22.0,Debit Card
ORD0690,2025-08-15,August,8,CUST0103,Karnataka,Online,Clothing,T-Shirt,2,5911.49,0.25,11822.98,2955.745,8867.235,4876.97925,3990.2557500000003,45.0,UPI
ORD0691,2025-06-30,June,6,CUST0057,Tamil Nadu,Retail Store,Beauty,Sunscreen,4,1953.88,0.1,7815.52,781.5520000000001,7033.968000000001,3657.6633600000005,3376.3046400000003,48.0,Debit Card
ORD0692,2025-09-16,September,9,CUST0184,Telangana,Retail Store,Beauty,Perfume,2,2111.73,0.25,4223.46,1055.865,3167.5950000000003,1647.1494000000002,1520.4456,48.0,Credit Card
ORD0693,2025-03-08,March,3,CUST0297,Uttar Pradesh,Online,Office Supplies,Printer Paper,5,1280.8,0.1,6404.0,640.4000000000001,5763.6,3342.888,2420.7120000000004,42.00000000000001,Credit Card
ORD0694,2025-07-18,July,7,CUST0091,Rajasthan,Retail Store,Electronics,Smartphone,5,57459.02,0.15,287295.1,43094.26499999999,244200.835,190476.6513,53724.183699999994,21.999999999999996,Cash
ORD0695,2025-03-30,March,3,CUST0052,Madhya Pradesh,Retail Store,Clothing,Jeans,1,5088.79,0.15,5088.79,763.3185,4325.4715,2379.009325,1946.4621749999997,44.99999999999999,Net Banking
ORD0696,2025-10-01,October,10,CUST0138,Telangana,Marketplace,Grocery,Tea,6,143.66,0.1,861.96,86.19600000000001,775.764,558.55008,217.21392000000003,28.000000000000004,Credit Card
ORD0697,2025-03-28,March,3,CUST0002,West Bengal,Marketplace,Electronics,Keyboard,6,41347.0,0.1,248082.0,24808.2,223273.8,174153.56399999998,49120.236000000004,22.000000000000004,Cash
ORD0698,2025-06-30,June,6,CUST0128,Karnataka,Retail Store,Beauty,Sunscreen,4,2265.98,0.0,9063.92,0.0,9063.92,4713.2384,4350.6816,48.0,Debit Card
ORD0699,2025-02-07,February,2,CUST0224,Telangana,Marketplace,Beauty,Moisturizer,7,2909.77,0.3,20368.39,6110.517,14257.873,7414.09396,6843.779039999999,48.0,UPI
ORD0700,2025-03-05,March,3,CUST0260,Maharashtra,Online,Beauty,Perfume,6,2309.06,0.1,13854.36,1385.4360000000001,12468.924,6483.840480000001,5985.08352,48.0,Debit Card
ORD0701,2025-04-07,April,4,CUST0039,Rajasthan,Retail Store,Grocery,Cooking Oil,2,136.2,0.05,272.4,13.62,258.78,186.32159999999996,72.45840000000001,28.000000000000007,Debit Card
ORD0702,2025-06-13,June,6,CUST0099,Maharashtra,Marketplace,Office Supplies,Stapler,7,1651.14,0.15,11557.980000000001,1733.6970000000001,9824.283000000001,5698.08414,4126.198860000001,42.00000000000001,UPI
ORD0703,2025-10-08,October,10,CUST0210,Telangana,Online,Office Supplies,Notebook,6,1512.08,0.05,9072.48,453.624,8618.856,4998.936479999999,3619.9195200000004,42.00000000000001,Credit Card
ORD0704,2025-07-07,July,7,CUST0164,Rajasthan,Online,Grocery,Rice,5,1138.91,0.05,5694.55,284.7275,5409.8225,3895.0722,1514.7503000000002,28.000000000000004,UPI
ORD0705,2025-08-06,August,8,CUST0236,Telangana,Online,Beauty,Moisturizer,5,2385.37,0.15,11926.849999999999,1789.0274999999997,10137.822499999998,5271.667699999999,4866.154799999999,48.00000000000001,UPI
ORD0706,2025-05-24,May,5,CUST0208,Karnataka,Marketplace,Beauty,Sunscreen,3,3070.0,0.25,9210.0,2302.5,6907.5,3591.9,3315.6,48.0,Credit Card
ORD0707,2025-06-04,June,6,CUST0174,West Bengal,Marketplace,Grocery,Rice,2,331.35,0.1,662.7,66.27000000000001,596.4300000000001,429.42960000000005,167.0004,27.999999999999996,Net Banking
ORD0708,2025-07-18,July,7,CUST0248,Uttar Pradesh,Retail Store,Grocery,Cooking Oil,5,342.4,0.15,1712.0,256.8,1455.2,1047.744,407.45600000000013,28.000000000000007,UPI
ORD0709,2025-04-03,April,4,CUST0080,Uttar Pradesh,Online,Electronics,Keyboard,7,46975.93,0.2,328831.51,65766.30200000001,263065.208,205190.86224,57874.34576,22.0,UPI
ORD0710,2025-08-20,August,8,CUST0014,Gujarat,Online,Beauty,Face Wash,6,361.72,0.15,2170.32,325.548,1844.7720000000002,959.2814400000001,885.4905600000001,48.0,UPI
ORD0711,2025-09-06,September,9,CUST0220,Tamil Nadu,Marketplace,Office Supplies,File Folder,5,163.86,0.15,819.3000000000001,122.89500000000001,696.4050000000001,403.91490000000005,292.49010000000004,42.0,Net Banking
ORD0712,2025-02-11,February,2,CUST0025,West Bengal,Online,Furniture,Bookshelf,4,8885.45,0.15,35541.8,5331.27,30210.530000000002,20543.160400000004,9667.369599999998,31.99999999999999,UPI
ORD0713,2025-03-28,March,3,CUST0067,Rajasthan,Online,Furniture,Desk,2,6642.28,0.0,13284.56,0.0,13284.56,9033.5008,4251.0592,32.0,Net Banking
ORD0714,2025-03-07,March,3,CUST0150,Gujarat,Marketplace,Furniture,Table,2,17358.74,0.2,34717.48,6943.496000000001,27773.984000000004,18886.309120000005,8887.674879999999,31.99999999999999,UPI
ORD0715,2025-07-28,July,7,CUST0105,Maharashtra,Retail Store,Office Supplies,Pen Set,1,179.23,0.3,179.23,53.769,125.46099999999998,72.76737999999999,52.693619999999996,42.00000000000001,Cash
ORD0716,2025-10-28,October,10,CUST0035,Tamil Nadu,Marketplace,Furniture,Office Chair,5,7263.57,0.05,36317.85,1815.8925,34501.9575,23461.3311,11040.626399999997,31.999999999999996,Debit Card
ORD0717,2025-07-26,July,7,CUST0115,Uttar Pradesh,Marketplace,Electronics,Keyboard,2,41840.02,0.2,83680.04,16736.007999999998,66944.03199999999,52216.344959999995,14727.687039999997,21.999999999999996,Debit Card
ORD0718,2025-03-16,March,3,CUST0215,Karnataka,Marketplace,Furniture,Bookshelf,2,9133.39,0.1,18266.78,1826.6779999999999,16440.102,11179.26936,5260.832639999999,31.999999999999996,Cash
ORD0719,2025-01-07,January,1,CUST0002,West Bengal,Marketplace,Electronics,Monitor,2,19210.03,0.25,38420.06,9605.015,28815.045,22475.735099999998,6339.3099,22.000000000000004,Cash
ORD0720,2025-04-27,April,4,CUST0035,Rajasthan,Online,Clothing,T-Shirt,4,3364.87,0.1,13459.48,1345.948,12113.532,6662.4426,5451.089399999999,44.99999999999999,Credit Card
ORD0721,2025-03-24,March,3,CUST0107,Uttar Pradesh,Online,Electronics,Keyboard,5,16058.86,0.05,80294.3,4014.715,76279.585,59498.07630000001,16781.5087,21.999999999999996,Cash
ORD0722,2025-06-13,June,6,CUST0169,Delhi,Retail Store,Clothing,Jeans,4,1802.67,0.05,7210.68,360.53400000000005,6850.146000000001,3767.5803000000005,3082.5657,44.99999999999999,Net Banking
ORD0723,2025-04-10,April,4,CUST0090,Gujarat,Online,Clothing,Sneakers,7,597.19,0.0,4180.33,0.0,4180.33,2299.1815,1881.1484999999998,44.99999999999999,Debit Card
ORD0724,2025-03-14,March,3,CUST0238,Madhya Pradesh,Marketplace,Grocery,Cooking Oil,1,238.16,0.15,238.16,35.724,202.436,145.75392,56.68208000000001,28.000000000000007,Credit Card
ORD0725,2025-01-02,January,1,CUST0144,Uttar Pradesh,Online,Office Supplies,Stapler,1,1973.68,0.25,1973.68,493.42,1480.26,858.5508,621.7092,42.0,Debit Card
ORD0726,2025-12-03,December,12,CUST0069,Telangana,Online,Furniture,Office Chair,2,12608.68,0.25,25217.36,6304.34,18913.02,12860.8536,6052.1664,32.0,UPI
ORD0727,2025-04-10,April,4,CUST0114,West Bengal,Marketplace,Furniture,Desk,1,8607.19,0.0,8607.19,0.0,8607.19,5852.8892000000005,2754.3008,31.999999999999996,Net Banking
ORD0728,2025-12-01,December,12,CUST0172,Karnataka,Marketplace,Beauty,Moisturizer,4,2268.29,0.05,9073.16,453.658,8619.502,4482.14104,4137.36096,48.0,Debit Card
ORD0729,2025-04-24,April,4,CUST0210,Telangana,Marketplace,Grocery,Tea,2,173.57,0.0,347.14,0.0,347.14,249.94079999999997,97.19920000000002,28.000000000000007,Credit Card
ORD0730,2025-04-22,April,4,CUST0092,Uttar Pradesh,Online,Electronics,Monitor,1,20051.58,0.05,20051.58,1002.5790000000002,19049.001,14858.220780000001,4190.780219999999,21.999999999999993,Credit Card
ORD0731,2025-08-24,August,8,CUST0234,Madhya Pradesh,Retail Store,Beauty,Moisturizer,6,3462.02,0.1,20772.12,2077.212,18694.908,9721.35216,8973.555839999999,48.0,Credit Card
ORD0732,2025-07-23,July,7,CUST0062,Maharashtra,Retail Store,Beauty,Perfume,3,872.39,0.05,2617.17,130.85850000000002,2486.3115000000003,1292.88198,1193.4295200000001,48.0,UPI
ORD0733,2025-06-28,June,6,CUST0130,Rajasthan,Online,Beauty,Perfume,7,3454.38,0.2,24180.66,4836.1320000000005,19344.528,10059.154559999999,9285.37344,48.0,Cash
ORD0734,2025-02-16,February,2,CUST0106,Telangana,Marketplace,Furniture,Office Chair,2,9382.63,0.1,18765.26,1876.5259999999998,16888.733999999997,11484.339119999999,5404.394879999998,31.999999999999996,Credit Card
ORD0735,2025-10-13,October,10,CUST0026,West Bengal,Retail Store,Grocery,Coffee,6,665.02,0.3,3990.12,1197.0359999999998,2793.084,2011.02048,782.0635199999999,27.999999999999996,Debit Card
ORD0736,2025-07-07,July,7,CUST0011,Karnataka,Retail Store,Furniture,Desk,1,22448.4,0.1,22448.4,2244.84,20203.56,13738.420800000002,6465.1392,31.999999999999996,Credit Card
ORD0737,2025-03-26,March,3,CUST0187,Delhi,Marketplace,Clothing,Formal Shirt,4,591.69,0.25,2366.76,591.69,1775.0700000000002,976.2885000000001,798.7815,45.0,Cash
ORD0738,2025-01-30,January,1,CUST0281,Maharashtra,Online,Furniture,Bookshelf,1,24079.4,0.05,24079.4,1203.97,22875.43,15555.292400000002,7320.137599999998,31.99999999999999,Debit Card
ORD0739,2025-08-03,August,8,CUST0170,Karnataka,Online,Office Supplies,Notebook,2,1144.7,0.1,2289.4,228.94000000000003,2060.46,1195.0667999999998,865.3932000000002,42.00000000000001,Debit Card
ORD0740,2025-08-17,August,8,CUST0026,Tamil Nadu,Online,Office Supplies,Printer Paper,1,659.25,0.2,659.25,131.85,527.4,305.89199999999994,221.50800000000004,42.00000000000001,Cash
ORD0741,2025-06-26,June,6,CUST0161,Karnataka,Online,Furniture,Bookshelf,5,8311.76,0.2,41558.8,8311.76,33247.04,22607.987200000003,10639.052799999998,31.99999999999999,Credit Card
ORD0742,2025-08-30,August,8,CUST0154,Madhya Pradesh,Online,Beauty,Shampoo,6,3208.7,0.15,19252.199999999997,2887.8299999999995,16364.369999999997,8509.472399999999,7854.897599999998,48.0,UPI
ORD0743,2025-05-14,May,5,CUST0072,Telangana,Online,Grocery,Coffee,2,568.8,0.15,1137.6,170.64,966.9599999999999,696.2112,270.74879999999996,27.999999999999996,Credit Card
ORD0744,2025-03-11,March,3,CUST0140,Maharashtra,Retail Store,Grocery,Biscuits,6,582.68,0.1,3496.08,349.608,3146.4719999999998,2265.4598399999995,881.0121600000002,28.000000000000007,Credit Card
ORD0745,2025-03-30,March,3,CUST0251,West Bengal,Marketplace,Beauty,Perfume,5,1674.68,0.2,8373.4,1674.68,6698.719999999999,3483.3343999999997,3215.3855999999996,48.0,Credit Card
ORD0746,2025-09-26,September,9,CUST0131,Telangana,Marketplace,Furniture,Office Chair,3,23483.55,0.05,70450.65,3522.5325,66928.1175,45511.1199,21416.997599999995,31.999999999999996,Debit Card
ORD0747,2025-11-19,November,11,CUST0139,West Bengal,Retail Store,Furniture,Table,7,9394.95,0.3,65764.65000000001,19729.395,46035.255000000005,31303.973400000006,14731.281599999998,31.999999999999996,Net Banking
ORD0748,2025-05-09,May,5,CUST0297,Delhi,Online,Office Supplies,File Folder,4,1574.8,0.25,6299.2,1574.8,4724.4,2740.1519999999996,1984.248,42.00000000000001,Debit Card
ORD0749,2025-12-22,December,12,CUST0143,Telangana,Online,Office Supplies,Pen Set,7,2021.29,0.2,14149.029999999999,2829.806,11319.223999999998,6565.149919999999,4754.074079999999,42.0,Credit Card
ORD0750,2025-07-11,July,7,CUST0031,Maharashtra,Retail Store,Office Supplies,File Folder,2,745.26,0.3,1490.52,447.156,1043.364,605.15112,438.21288000000004,42.00000000000001,Debit Card
ORD0751,2025-11-30,November,11,CUST0294,Karnataka,Online,Electronics,Laptop,1,14931.5,0.15,14931.5,2239.725,12691.775,9899.5845,2792.190499999999,21.999999999999993,UPI
ORD0752,2025-10-10,October,10,CUST0028,Madhya Pradesh,Marketplace,Furniture,Bookshelf,3,11645.41,0.2,34936.229999999996,6987.245999999999,27948.983999999997,19005.309119999998,8943.674879999999,32.0,Credit Card
ORD0753,2025-09-01,September,9,CUST0214,Karnataka,Retail Store,Office Supplies,File Folder,4,2052.9,0.05,8211.6,410.58000000000004,7801.02,4524.5916,3276.4284000000007,42.00000000000001,UPI
ORD0754,2025-03-26,March,3,CUST0216,Madhya Pradesh,Marketplace,Office Supplies,File Folder,5,219.66,0.05,1098.3,54.915,1043.385,605.1632999999999,438.22170000000006,42.00000000000001,Debit Card
ORD0755,2025-08-08,August,8,CUST0105,Maharashtra,Retail Store,Clothing,Formal Shirt,7,3264.47,0.05,22851.289999999997,1142.5645,21708.725499999997,11939.799024999998,9768.926474999998,45.0,Net Banking
ORD0756,2025-02-27,February,2,CUST0255,Rajasthan,Retail Store,Beauty,Face Wash,4,1988.65,0.1,7954.6,795.46,7159.14,3722.7528,3436.3872,48.0,Credit Card
ORD0757,2025-05-01,May,5,CUST0001,Maharashtra,Online,Furniture,Cabinet,6,9777.46,0.2,58664.759999999995,11732.952,46931.808,31913.62944,15018.178559999997,31.999999999999996,Debit Card
ORD0758,2025-02-17,February,2,CUST0261,Delhi,Retail Store,Electronics,Keyboard,1,62853.27,0.1,62853.27,6285.327,56567.943,44122.99554,12444.947459999996,21.999999999999993,UPI
ORD0759,2025-06-24,June,6,CUST0069,Tamil Nadu,Retail Store,Grocery,Rice,3,765.65,0.25,2296.95,574.2375,1722.7124999999999,1240.3529999999998,482.3595,28.000000000000004,Credit Card
ORD0760,2025-07-31,July,7,CUST0039,West Bengal,Retail Store,Clothing,Sneakers,2,1933.71,0.05,3867.42,193.371,3674.049,2020.7269500000002,1653.3220499999998,44.99999999999999,UPI
ORD0761,2025-06-27,June,6,CUST0292,Madhya Pradesh,Marketplace,Beauty,Sunscreen,4,1375.02,0.2,5500.08,1100.016,4400.064,2288.03328,2112.03072,48.00000000000001,UPI
ORD0762,2025-11-26,November,11,CUST0060,Karnataka,Marketplace,Furniture,Desk,1,11164.89,0.1,11164.89,1116.489,10048.401,6832.91268,3215.4883199999995,31.999999999999996,Credit Card
ORD0763,2025-01-29,January,1,CUST0277,Madhya Pradesh,Marketplace,Beauty,Face Wash,6,2118.36,0.0,12710.16,0.0,12710.16,6609.2832,6100.8768,48.0,Debit Card
ORD0764,2025-07-05,July,7,CUST0077,Delhi,Marketplace,Grocery,Rice,5,503.32,0.2,2516.6,503.32,2013.28,1449.5616,563.7184,27.999999999999996,Credit Card
ORD0765,2025-03-14,March,3,CUST0120,Gujarat,Retail Store,Electronics,Monitor,5,49385.5,0.25,246927.5,61731.875,185195.625,144452.5875,40743.037500000006,22.000000000000004,UPI
ORD0766,2025-07-15,July,7,CUST0218,Madhya Pradesh,Marketplace,Furniture,Bookshelf,2,19896.27,0.0,39792.54,0.0,39792.54,27058.927200000002,12733.612799999999,31.999999999999996,Credit Card
ORD0767,2025-01-16,January,1,CUST0228,Madhya Pradesh,Online,Grocery,Biscuits,4,393.27,0.15,1573.08,235.962,1337.118,962.7249599999999,374.39304000000004,28.000000000000004,Cash
ORD0768,2025-06-02,June,6,CUST0259,Uttar Pradesh,Retail Store,Furniture,Office Chair,1,18459.16,0.0,18459.16,0.0,18459.16,12552.2288,5906.931199999999,31.999999999999996,UPI
ORD0769,2025-04-11,April,4,CUST0026,West Bengal,Retail Store,Grocery,Cooking Oil,5,903.29,0.0,4516.45,0.0,4516.45,3251.8439999999996,1264.6060000000002,28.000000000000007,Credit Card
ORD0770,2025-01-31,January,1,CUST0232,Uttar Pradesh,Retail Store,Office Supplies,File Folder,7,776.31,0.05,5434.17,271.7085,5162.4615,2994.22767,2168.23383,42.0,Debit Card
ORD0771,2025-01-25,January,1,CUST0282,West Bengal,Marketplace,Office Supplies,Stapler,4,1407.58,0.05,5630.32,281.516,5348.804,3102.3063199999997,2246.4976800000004,42.00000000000001,Credit Card
ORD0772,2025-03-27,March,3,CUST0267,Madhya Pradesh,Marketplace,Office Supplies,Stapler,6,372.75,0.0,2236.5,0.0,2236.5,1297.1699999999998,939.3300000000002,42.00000000000001,Debit Card
ORD0773,2025-01-15,January,1,CUST0107,Telangana,Retail Store,Office Supplies,Stapler,5,581.71,0.25,2908.55,727.1375,2181.4125000000004,1265.21925,916.1932500000003,42.00000000000001,Cash
ORD0774,2025-08-02,August,8,CUST0194,Tamil Nadu,Online,Furniture,Bookshelf,6,16841.56,0.2,101049.36000000002,20209.872000000003,80839.48800000001,54970.85184000001,25868.636160000002,31.999999999999996,Net Banking
ORD0775,2025-10-01,October,10,CUST0191,Maharashtra,Online,Grocery,Tea,2,81.59,0.1,163.18,16.318,146.862,105.74064,41.121359999999996,27.999999999999996,Debit Card
ORD0776,2025-10-22,October,10,CUST0048,Rajasthan,Online,Electronics,Monitor,5,50500.81,0.3,252504.05,75751.215,176752.835,137867.2113,38885.6237,22.0,Cash
ORD0777,2025-11-02,November,11,CUST0009,West Bengal,Marketplace,Beauty,Moisturizer,5,1040.39,0.1,5201.950000000001,520.195,4681.755000000001,2434.5126000000005,2247.2424000000005,48.00000000000001,Net Banking
ORD0778,2025-05-29,May,5,CUST0043,Delhi,Retail Store,Furniture,Bookshelf,2,3688.58,0.15,7377.16,1106.5739999999998,6270.586,4263.99848,2006.58752,32.0,Cash
ORD0779,2025-04-10,April,4,CUST0135,Madhya Pradesh,Retail Store,Clothing,Jacket,5,2324.12,0.15,11620.599999999999,1743.0899999999997,9877.509999999998,5432.630499999999,4444.879499999999,44.99999999999999,Debit Card
ORD0780,2025-12-04,December,12,CUST0203,Rajasthan,Retail Store,Beauty,Face Wash,6,2783.06,0.25,16698.36,4174.59,12523.77,6512.3604000000005,6011.4096,48.0,Credit Card
ORD0781,2025-02-13,February,2,CUST0199,Karnataka,Online,Clothing,Jeans,1,5752.85,0.15,5752.85,862.9275,4889.922500000001,2689.4573750000004,2200.465125,44.99999999999999,Debit Card
ORD0782,2025-08-22,August,8,CUST0210,Delhi,Retail Store,Office Supplies,File Folder,4,2374.86,0.05,9499.44,474.97200000000004,9024.468,5234.1914400000005,3790.2765600000002,42.0,Net Banking
ORD0783,2025-04-10,April,4,CUST0103,Telangana,Online,Beauty,Sunscreen,1,2850.46,0.05,2850.46,142.523,2707.937,1408.12724,1299.8097599999999,48.0,Credit Card
ORD0784,2025-01-07,January,1,CUST0053,Delhi,Retail Store,Clothing,Sneakers,7,2516.97,0.0,17618.789999999997,0.0,17618.789999999997,9690.334499999999,7928.455499999998,44.99999999999999,Credit Card
ORD0785,2025-12-30,December,12,CUST0223,Telangana,Retail Store,Electronics,Monitor,7,36117.01,0.0,252819.07,0.0,252819.07,197198.8746,55620.1954,21.999999999999996,Debit Card
ORD0786,2025-08-28,August,8,CUST0189,Karnataka,Retail Store,Clothing,Jeans,3,2807.15,0.1,8421.45,842.1450000000001,7579.305,4168.61775,3410.68725,44.99999999999999,Credit Card
ORD0787,2025-02-27,February,2,CUST0234,West Bengal,Retail Store,Electronics,Monitor,3,42582.82,0.05,127748.45999999999,6387.423,121361.037,94661.60886000001,26699.42813999999,21.999999999999993,UPI
ORD0788,2025-02-08,February,2,CUST0255,Gujarat,Marketplace,Office Supplies,Notebook,2,1060.79,0.1,2121.58,212.15800000000002,1909.422,1107.4647599999998,801.9572400000002,42.00000000000001,Credit Card
ORD0789,2025-12-05,December,12,CUST0258,Rajasthan,Retail Store,Grocery,Biscuits,6,230.1,0.3,1380.6,414.17999999999995,966.42,695.8223999999999,270.59760000000006,28.000000000000007,Debit Card
ORD0790,2025-08-09,August,8,CUST0225,Telangana,Retail Store,Office Supplies,Stapler,6,1710.08,0.15,10260.48,1539.072,8721.408,5058.4166399999995,3662.99136,42.00000000000001,Net Banking
ORD0791,2025-09-03,September,9,CUST0104,Maharashtra,Marketplace,Clothing,T-Shirt,1,5140.24,0.05,5140.24,257.012,4883.228,2685.7754000000004,2197.4525999999996,44.99999999999999,Debit Card
ORD0792,2025-10-16,October,10,CUST0298,Delhi,Online,Grocery,Biscuits,5,167.87,0.1,839.35,83.935,755.415,543.8987999999999,211.51620000000003,28.000000000000004,Credit Card
ORD0793,2025-07-18,July,7,CUST0252,Karnataka,Retail Store,Beauty,Shampoo,6,3064.72,0.25,18388.32,4597.08,13791.24,7171.4448,6619.7952,48.0,Debit Card
ORD0794,2025-06-25,June,6,CUST0219,Tamil Nadu,Retail Store,Office Supplies,Stapler,3,1966.98,0.1,5900.9400000000005,590.094,5310.8460000000005,3080.29068,2230.5553200000004,42.00000000000001,UPI
ORD0795,2025-06-10,June,6,CUST0289,Madhya Pradesh,Online,Grocery,Coffee,4,887.69,0.1,3550.76,355.076,3195.684,2300.89248,894.7915200000002,28.000000000000004,Net Banking
ORD0796,2025-07-05,July,7,CUST0121,Madhya Pradesh,Online,Beauty,Shampoo,5,296.69,0.15,1483.45,222.5175,1260.9325000000001,655.6849000000001,605.2476,48.0,UPI
ORD0797,2025-08-21,August,8,CUST0177,West Bengal,Marketplace,Office Supplies,Stapler,3,1220.04,0.0,3660.12,0.0,3660.12,2122.8696,1537.2504,42.0,Net Banking
ORD0798,2025-08-06,August,8,CUST0118,Uttar Pradesh,Online,Grocery,Tea,7,194.56,0.1,1361.92,136.192,1225.728,882.52416,343.20384,27.999999999999996,Debit Card
ORD0799,2025-11-29,November,11,CUST0080,Karnataka,Retail Store,Clothing,Formal Shirt,7,3994.85,0.2,27963.95,5592.790000000001,22371.16,12304.138,10067.021999999999,44.99999999999999,Debit Card
ORD0800,2025-08-13,August,8,CUST0007,Karnataka,Marketplace,Furniture,Desk,5,24985.07,0.05,124925.35,6246.267500000001,118679.0825,80701.7761,37977.3064,32.0,Credit Card
ORD0801,2025-08-20,August,8,CUST0292,West Bengal,Online,Electronics,Smartphone,1,60419.19,0.1,60419.19,6041.919000000001,54377.271,42414.27138,11962.999620000002,22.000000000000004,Net Banking
ORD0802,2025-04-03,April,4,CUST0232,Madhya Pradesh,Retail Store,Furniture,Table,4,20518.06,0.15,82072.24,12310.836000000001,69761.40400000001,47437.75472000001,22323.649279999998,31.999999999999996,Net Banking
ORD0803,2025-07-20,July,7,CUST0109,Gujarat,Retail Store,Grocery,Biscuits,3,654.64,0.15,1963.92,294.588,1669.332,1201.91904,467.4129600000001,28.000000000000004,Net Banking
ORD0804,2025-05-21,May,5,CUST0067,Karnataka,Online,Clothing,Jeans,3,653.13,0.05,1959.3899999999999,97.9695,1861.4205,1023.781275,837.6392249999999,44.99999999999999,UPI
ORD0805,2025-02-21,February,2,CUST0238,Tamil Nadu,Marketplace,Office Supplies,Stapler,1,1764.16,0.3,1764.16,529.248,1234.912,716.24896,518.66304,42.0,Credit Card
ORD0806,2025-03-05,March,3,CUST0145,Maharashtra,Retail Store,Office Supplies,File Folder,6,588.43,0.25,3530.58,882.645,2647.935,1535.8022999999998,1112.1327,42.00000000000001,Net Banking
ORD0807,2025-04-15,April,4,CUST0079,West Bengal,Marketplace,Clothing,Jeans,2,1645.53,0.05,3291.06,164.553,3126.507,1719.57885,1406.92815,44.99999999999999,Cash
ORD0808,2025-04-06,April,4,CUST0122,Uttar Pradesh,Marketplace,Electronics,Smartphone,7,51430.26,0.1,360011.82,36001.182,324010.63800000004,252728.29764000003,71282.34036,21.999999999999996,UPI
ORD0809,2025-11-14,November,11,CUST0244,Rajasthan,Marketplace,Beauty,Moisturizer,2,1477.91,0.2,2955.82,591.1640000000001,2364.656,1229.62112,1135.03488,48.0,Credit Card
ORD0810,2025-07-03,July,7,CUST0133,Karnataka,Online,Electronics,Smartphone,4,12305.4,0.15,49221.6,7383.24,41838.36,32633.9208,9204.4392,22.0,Debit Card
ORD0811,2025-08-09,August,8,CUST0276,Maharashtra,Retail Store,Grocery,Coffee,6,870.7,0.05,5224.200000000001,261.21000000000004,4962.990000000001,3573.3528000000006,1389.6372000000001,27.999999999999996,Credit Card
ORD0812,2025-06-11,June,6,CUST0054,Delhi,Retail Store,Office Supplies,Printer Paper,6,1262.11,0.0,7572.66,0.0,7572.66,4392.1428,3180.5172000000002,42.00000000000001,UPI
ORD0813,2025-11-14,November,11,CUST0212,Delhi,Online,Grocery,Tea,7,121.85,0.15,852.9499999999999,127.94249999999998,725.0074999999999,522.0053999999999,203.00210000000004,28.000000000000007,Cash
ORD0814,2025-06-07,June,6,CUST0045,Madhya Pradesh,Marketplace,Electronics,Smartphone,3,23278.69,0.2,69836.06999999999,13967.214,55868.85599999999,43577.70767999999,12291.14832,22.000000000000004,Debit Card
ORD0815,2025-12-24,December,12,CUST0145,Tamil Nadu,Retail Store,Grocery,Tea,3,679.12,0.15,2037.3600000000001,305.604,1731.756,1246.86432,484.8916800000002,28.000000000000007,Net Banking
ORD0816,2025-02-09,February,2,CUST0083,Rajasthan,Retail Store,Office Supplies,Stapler,3,1257.98,0.15,3773.94,566.091,3207.849,1860.55242,1347.2965800000002,42.00000000000001,Debit Card
ORD0817,2025-10-22,October,10,CUST0129,Madhya Pradesh,Online,Electronics,Keyboard,1,42416.19,0.05,42416.19,2120.8095000000003,40295.3805,31430.39679,8864.98371,22.0,Cash
ORD0818,2025-01-24,January,1,CUST0094,Karnataka,Online,Electronics,Smartphone,7,20641.43,0.2,144490.01,28898.002000000004,115592.008,90161.76624,25430.241760000004,22.000000000000004,Debit Card
ORD0819,2025-11-25,November,11,CUST0141,Karnataka,Marketplace,Clothing,Jeans,3,4941.94,0.2,14825.82,2965.164,11860.655999999999,6523.3608,5337.295199999999,44.99999999999999,Net Banking
ORD0820,2025-12-10,December,12,CUST0128,Delhi,Marketplace,Electronics,Laptop,4,9736.1,0.0,38944.4,0.0,38944.4,30376.632,8567.768,22.0,Debit Card
ORD0821,2025-02-03,February,2,CUST0077,Gujarat,Online,Clothing,Formal Shirt,3,3094.34,0.3,9283.02,2784.906,6498.1140000000005,3573.9627000000005,2924.1513,44.99999999999999,Cash
ORD0822,2025-05-04,May,5,CUST0297,Tamil Nadu,Retail Store,Office Supplies,File Folder,7,976.88,0.2,6838.16,1367.632,5470.528,3172.90624,2297.6217600000004,42.00000000000001,Credit Card
ORD0823,2025-03-12,March,3,CUST0194,Maharashtra,Retail Store,Electronics,Laptop,7,57474.1,0.1,402318.7,40231.87,362086.83,282427.72740000003,79659.10259999998,21.999999999999993,UPI
ORD0824,2025-06-14,June,6,CUST0225,Madhya Pradesh,Marketplace,Beauty,Shampoo,4,1912.77,0.3,7651.08,2295.324,5355.755999999999,2784.9931199999996,2570.7628799999998,48.00000000000001,Credit Card
ORD0825,2025-04-02,April,4,CUST0052,Maharashtra,Retail Store,Office Supplies,Notebook,1,861.49,0.1,861.49,86.149,775.341,449.69777999999997,325.64322000000004,42.00000000000001,Debit Card
ORD0826,2025-04-03,April,4,CUST0153,Delhi,Marketplace,Clothing,Formal Shirt,5,5347.76,0.15,26738.800000000003,4010.82,22727.980000000003,12500.389000000003,10227.591,44.99999999999999,Cash
ORD0827,2025-06-13,June,6,CUST0089,Telangana,Marketplace,Grocery,Tea,4,184.19,0.15,736.76,110.514,626.246,450.89712,175.34888,28.000000000000004,UPI
ORD0828,2025-09-27,September,9,CUST0272,Tamil Nadu,Online,Clothing,Sneakers,1,928.33,0.15,928.33,139.2495,789.0805,433.9942750000001,355.08622499999996,44.99999999999999,Debit Card
ORD0829,2025-10-02,October,10,CUST0150,Madhya Pradesh,Marketplace,Electronics,Keyboard,2,50155.11,0.0,100310.22,0.0,100310.22,78241.9716,22068.248399999997,21.999999999999996,UPI
ORD0830,2025-08-06,August,8,CUST0239,Maharashtra,Marketplace,Beauty,Face Wash,3,1375.62,0.05,4126.86,206.343,3920.517,2038.66884,1881.8481599999998,48.0,Debit Card
ORD0831,2025-02-17,February,2,CUST0296,Madhya Pradesh,Online,Grocery,Rice,4,339.8,0.25,1359.2,339.8,1019.4000000000001,733.9680000000001,285.432,27.999999999999996,Cash
ORD0832,2025-07-22,July,7,CUST0216,Karnataka,Marketplace,Electronics,Headphones,1,35059.1,0.05,35059.1,1752.955,33306.145,25978.7931,7327.351899999998,21.999999999999993,Credit Card
ORD0833,2025-09-06,September,9,CUST0022,West Bengal,Online,Beauty,Sunscreen,5,319.92,0.0,1599.6000000000001,0.0,1599.6000000000001,831.7920000000001,767.808,48.0,Credit Card
ORD0834,2025-02-20,February,2,CUST0193,Uttar Pradesh,Retail Store,Grocery,Tea,5,799.65,0.2,3998.25,799.6500000000001,3198.6,2302.9919999999997,895.6080000000002,28.000000000000007,Debit Card
ORD0835,2025-09-25,September,9,CUST0052,Madhya Pradesh,Online,Furniture,Desk,2,18239.38,0.1,36478.76,3647.876,32830.884000000005,22325.001120000004,10505.882880000001,31.999999999999996,UPI
ORD0836,2025-11-10,November,11,CUST0188,Delhi,Retail Store,Electronics,Headphones,7,41480.08,0.0,290360.56,0.0,290360.56,226481.2368,63879.323199999984,21.999999999999993,Debit Card
ORD0837,2025-07-17,July,7,CUST0092,Telangana,Retail Store,Office Supplies,Notebook,7,1294.07,0.05,9058.49,452.9245,8605.5655,4991.22799,3614.3375100000003,42.0,Credit Card
ORD0838,2025-03-12,March,3,CUST0084,Delhi,Marketplace,Furniture,Desk,2,9713.95,0.05,19427.9,971.3950000000001,18456.505,12550.423400000001,5906.0815999999995,31.999999999999996,Credit Card
ORD0839,2025-05-13,May,5,CUST0213,Uttar Pradesh,Online,Office Supplies,File Folder,1,1473.48,0.1,1473.48,147.348,1326.132,769.15656,556.97544,42.00000000000001,Cash
ORD0840,2025-10-05,October,10,CUST0280,Uttar Pradesh,Online,Clothing,Jacket,2,4859.81,0.05,9719.62,485.98100000000005,9233.639000000001,5078.501450000001,4155.13755,45.0,Cash
ORD0841,2025-12-17,December,12,CUST0238,Madhya Pradesh,Online,Beauty,Moisturizer,5,1035.56,0.15,5177.799999999999,776.6699999999998,4401.129999999999,2288.5876,2112.5423999999994,47.99999999999999,Debit Card
ORD0842,2025-06-12,June,6,CUST0295,Telangana,Online,Office Supplies,Pen Set,5,1765.92,0.0,8829.6,0.0,8829.6,5121.168,3708.4320000000007,42.00000000000001,Debit Card
ORD0843,2025-05-18,May,5,CUST0288,Telangana,Retail Store,Office Supplies,Pen Set,2,622.67,0.15,1245.34,186.801,1058.539,613.9526199999999,444.5863800000001,42.00000000000001,UPI
ORD0844,2025-02-25,February,2,CUST0231,Karnataka,Marketplace,Beauty,Face Wash,2,1462.2,0.1,2924.4,292.44,2631.96,1368.6192,1263.3408,48.0,Credit Card
ORD0845,2025-04-20,April,4,CUST0168,Uttar Pradesh,Online,Electronics,Laptop,1,61005.54,0.1,61005.54,6100.554,54904.986000000004,42825.88908000001,12079.096919999996,21.999999999999993,Credit Card
ORD0846,2025-07-23,July,7,CUST0048,Karnataka,Online,Furniture,Office Chair,3,2783.0,0.05,8349.0,417.45000000000005,7931.55,5393.454000000001,2538.0959999999995,31.999999999999996,Debit Card
ORD0847,2025-02-06,February,2,CUST0218,Rajasthan,Retail Store,Office Supplies,File Folder,6,1126.41,0.15,6758.460000000001,1013.7690000000001,5744.691000000001,3331.9207800000004,2412.7702200000003,42.0,Net Banking
ORD0848,2025-06-10,June,6,CUST0202,Tamil Nadu,Online,Furniture,Table,6,13167.3,0.0,79003.79999999999,0.0,79003.79999999999,53722.583999999995,25281.215999999993,31.999999999999996,Net Banking
ORD0849,2025-03-30,March,3,CUST0176,Madhya Pradesh,Retail Store,Beauty,Moisturizer,2,3132.16,0.1,6264.32,626.432,5637.888,2931.70176,2706.18624,48.0,UPI
ORD0850,2025-01-28,January,1,CUST0042,Gujarat,Online,Office Supplies,Stapler,1,2148.32,0.15,2148.32,322.248,1826.0720000000001,1059.12176,766.9502400000001,42.00000000000001,Debit Card
ORD0851,2025-11-21,November,11,CUST0071,Tamil Nadu,Marketplace,Electronics,Monitor,2,39799.11,0.1,79598.22,7959.822,71638.398,55877.95044,15760.44756,22.0,UPI
ORD0852,2025-04-15,April,4,CUST0225,Maharashtra,Retail Store,Grocery,Coffee,7,1102.44,0.1,7717.08,771.7080000000001,6945.371999999999,5000.667839999999,1944.7041600000002,28.000000000000007,Credit Card
ORD0853,2025-06-18,June,6,CUST0245,Tamil Nadu,Retail Store,Grocery,Tea,5,693.77,0.1,3468.85,346.885,3121.965,2247.8148,874.1502,28.000000000000004,Net Banking
ORD0854,2025-01-28,January,1,CUST0104,Rajasthan,Retail Store,Clothing,Formal Shirt,6,774.26,0.15,4645.5599999999995,696.834,3948.7259999999997,2171.7993,1776.9266999999995,44.99999999999999,Net Banking
ORD0855,2025-05-07,May,5,CUST0295,Gujarat,Online,Furniture,Table,2,3731.76,0.1,7463.52,746.3520000000001,6717.168000000001,4567.67424,2149.4937600000003,32.0,Cash
ORD0856,2025-11-13,November,11,CUST0110,Madhya Pradesh,Retail Store,Clothing,Formal Shirt,2,4780.87,0.25,9561.74,2390.435,7171.305,3944.2177500000007,3227.0872499999996,44.99999999999999,Credit Card
ORD0857,2025-07-01,July,7,CUST0271,Madhya Pradesh,Marketplace,Clothing,Formal Shirt,1,1086.03,0.15,1086.03,162.90449999999998,923.1255,507.71902500000004,415.40647499999994,44.99999999999999,Debit Card
ORD0858,2025-05-25,May,5,CUST0298,Maharashtra,Online,Electronics,Headphones,2,11254.65,0.0,22509.3,0.0,22509.3,17557.254,4952.0459999999985,21.999999999999993,UPI
ORD0859,2025-01-10,January,1,CUST0030,Madhya Pradesh,Marketplace,Beauty,Perfume,5,1244.35,0.2,6221.75,1244.3500000000001,4977.4,2588.248,2389.1519999999996,47.99999999999999,UPI
ORD0860,2025-05-10,May,5,CUST0281,Maharashtra,Online,Beauty,Perfume,1,977.37,0.25,977.37,244.3425,733.0275,381.1743,351.8532,48.0,Credit Card
ORD0861,2025-10-17,October,10,CUST0130,Delhi,Retail Store,Office Supplies,Stapler,2,2417.85,0.05,4835.7,241.785,4593.915,2664.4707,1929.4443,42.00000000000001,UPI
ORD0862,2025-09-02,September,9,CUST0046,Gujarat,Retail Store,Furniture,Bookshelf,5,11221.55,0.1,56107.75,5610.775000000001,50496.975,34337.943,16159.032,32.0,Debit Card
ORD0863,2025-05-19,May,5,CUST0178,Telangana,Retail Store,Beauty,Shampoo,3,3394.47,0.25,10183.41,2545.8525,7637.5575,3971.5299,3666.0276,48.0,UPI
ORD0864,2025-04-25,April,4,CUST0196,Telangana,Marketplace,Furniture,Office Chair,7,12599.16,0.15,88194.12,13229.117999999999,74965.002,50976.20136,23988.800639999994,31.999999999999996,Debit Card
ORD0865,2025-06-28,June,6,CUST0153,Tamil Nadu,Marketplace,Electronics,Smartphone,6,26639.39,0.15,159836.34,23975.450999999997,135860.889,105971.49342,29889.395579999997,21.999999999999996,UPI
ORD0866,2025-01-19,January,1,CUST0013,West Bengal,Retail Store,Furniture,Desk,2,14478.11,0.1,28956.22,2895.6220000000003,26060.598,17721.206640000004,8339.391359999998,31.99999999999999,UPI
ORD0867,2025-06-05,June,6,CUST0182,Delhi,Marketplace,Beauty,Face Wash,3,1610.77,0.15,4832.3099999999995,724.8464999999999,4107.4635,2135.88102,1971.58248,48.00000000000001,Credit Card
ORD0868,2025-08-18,August,8,CUST0132,Maharashtra,Retail Store,Grocery,Cooking Oil,2,355.43,0.2,710.86,142.172,568.688,409.45536,159.23264,28.000000000000004,Debit Card
ORD0869,2025-09-27,September,9,CUST0253,West Bengal,Marketplace,Grocery,Coffee,4,461.95,0.05,1847.8,92.39,1755.4099999999999,1263.8952,491.5147999999999,27.999999999999996,Credit Card
ORD0870,2025-01-20,January,1,CUST0104,Telangana,Retail Store,Grocery,Cooking Oil,2,605.91,0.0,1211.82,0.0,1211.82,872.5103999999999,339.30960000000005,28.000000000000004,UPI
ORD0871,2025-09-10,September,9,CUST0236,Rajasthan,Online,Office Supplies,Stapler,4,1609.3,0.2,6437.2,1287.44,5149.76,2986.8608,2162.8992000000003,42.00000000000001,UPI
ORD0872,2025-05-22,May,5,CUST0165,Uttar Pradesh,Marketplace,Office Supplies,File Folder,1,1259.36,0.1,1259.36,125.93599999999999,1133.424,657.3859199999999,476.03808000000004,42.00000000000001,Debit Card
ORD0873,2025-05-16,May,5,CUST0094,Gujarat,Marketplace,Clothing,Formal Shirt,3,3421.61,0.0,10264.83,0.0,10264.83,5645.6565,4619.1735,45.0,Net Banking
ORD0874,2025-03-14,March,3,CUST0102,Telangana,Online,Clothing,Sneakers,4,2049.85,0.15,8199.4,1229.9099999999999,6969.49,3833.2195,3136.2704999999996,44.99999999999999,Credit Card
ORD0875,2025-10-02,October,10,CUST0245,Delhi,Retail Store,Office Supplies,File Folder,1,1240.41,0.1,1240.41,124.04100000000001,1116.3690000000001,647.4940200000001,468.87498000000005,42.0,Credit Card
ORD0876,2025-07-20,July,7,CUST0033,Madhya Pradesh,Retail Store,Electronics,Keyboard,6,46361.47,0.0,278168.82,0.0,278168.82,216971.6796,61197.140400000004,22.0,Debit Card
ORD0877,2025-10-30,October,10,CUST0003,Uttar Pradesh,Retail Store,Furniture,Bookshelf,1,13159.9,0.1,13159.9,1315.99,11843.91,8053.858800000001,3790.051199999999,31.99999999999999,Net Banking
ORD0878,2025-06-26,June,6,CUST0286,Delhi,Marketplace,Grocery,Tea,3,635.28,0.1,1905.84,190.584,1715.2559999999999,1234.9843199999998,480.27168000000006,28.000000000000007,UPI
ORD0879,2025-10-28,October,10,CUST0046,Rajasthan,Retail Store,Grocery,Rice,7,591.44,0.05,4140.08,207.00400000000002,3933.076,2831.81472,1101.2612800000002,28.000000000000004,Cash
ORD0880,2025-03-16,March,3,CUST0088,West Bengal,Marketplace,Beauty,Shampoo,7,1450.72,0.1,10155.04,1015.5040000000001,9139.536,4752.55872,4386.97728,48.0,Cash
ORD0881,2025-02-02,February,2,CUST0133,Karnataka,Online,Electronics,Laptop,6,26565.03,0.1,159390.18,15939.018,143451.16199999998,111891.90636,31559.25563999999,21.999999999999993,Net Banking
ORD0882,2025-04-26,April,4,CUST0270,Uttar Pradesh,Retail Store,Beauty,Face Wash,7,1350.91,0.15,9456.37,1418.4555,8037.914500000001,4179.71554,3858.1989600000006,48.00000000000001,Credit Card
ORD0883,2025-03-08,March,3,CUST0057,Madhya Pradesh,Online,Furniture,Bookshelf,1,20968.91,0.05,20968.91,1048.4455,19920.4645,13545.91586,6374.548639999999,32.0,UPI
ORD0884,2025-12-15,December,12,CUST0020,Gujarat,Marketplace,Office Supplies,Notebook,7,100.58,0.05,704.06,35.202999999999996,668.857,387.93706,280.91994,42.00000000000001,Credit Card
ORD0885,2025-02-10,February,2,CUST0009,Maharashtra,Online,Furniture,Table,2,18455.36,0.0,36910.72,0.0,36910.72,25099.289600000004,11811.430399999997,31.99999999999999,UPI
ORD0886,2025-07-10,July,7,CUST0207,Uttar Pradesh,Online,Office Supplies,Stapler,1,1781.09,0.1,1781.09,178.109,1602.981,929.72898,673.25202,42.0,Debit Card
ORD0887,2025-05-08,May,5,CUST0140,Delhi,Retail Store,Electronics,Monitor,2,22785.79,0.15,45571.58,6835.737,38735.843,30213.957540000003,8521.885459999998,21.999999999999993,Net Banking
ORD0888,2025-03-04,March,3,CUST0201,Delhi,Retail Store,Clothing,T-Shirt,1,4811.85,0.1,4811.85,481.18500000000006,4330.665,2381.8657500000004,1948.7992499999996,44.99999999999999,Debit Card
ORD0889,2025-04-26,April,4,CUST0105,Maharashtra,Marketplace,Electronics,Laptop,6,19695.67,0.1,118174.01999999999,11817.402,106356.61799999999,82958.16204,23398.455959999992,21.999999999999993,Credit Card
ORD0890,2025-05-24,May,5,CUST0186,West Bengal,Marketplace,Electronics,Smartphone,2,22077.03,0.25,44154.06,11038.515,33115.545,25830.1251,7285.419899999997,21.999999999999993,Cash
ORD0891,2025-09-27,September,9,CUST0283,Telangana,Marketplace,Beauty,Face Wash,7,2183.16,0.0,15282.119999999999,0.0,15282.119999999999,7946.7024,7335.417599999999,48.0,Cash
ORD0892,2025-01-23,January,1,CUST0063,Madhya Pradesh,Online,Clothing,Jeans,6,909.36,0.1,5456.16,545.616,4910.544,2700.7992,2209.7448,45.0,UPI
ORD0893,2025-04-13,April,4,CUST0152,Tamil Nadu,Marketplace,Clothing,Jacket,7,3030.35,0.05,21212.45,1060.6225000000002,20151.8275,11083.505125,9068.322375,45.0,Credit Card
ORD0894,2025-10-24,October,10,CUST0065,Madhya Pradesh,Marketplace,Office Supplies,Stapler,4,1256.77,0.2,5027.08,1005.416,4021.6639999999998,2332.5651199999998,1689.09888,42.00000000000001,Credit Card
ORD0895,2025-11-15,November,11,CUST0231,Madhya Pradesh,Retail Store,Beauty,Perfume,6,2966.56,0.15,17799.36,2669.904,15129.456,7867.317120000001,7262.1388799999995,48.0,Net Banking
ORD0896,2025-11-26,November,11,CUST0105,Telangana,Retail Store,Grocery,Coffee,4,409.65,0.1,1638.6,163.86,1474.7399999999998,1061.8127999999997,412.9272000000001,28.000000000000007,Cash
ORD0897,2025-06-07,June,6,CUST0213,Uttar Pradesh,Online,Beauty,Perfume,7,546.82,0.15,3827.7400000000002,574.1610000000001,3253.579,1691.8610800000001,1561.71792,48.0,Cash
ORD0898,2025-08-27,August,8,CUST0109,Tamil Nadu,Retail Store,Electronics,Headphones,7,47476.65,0.15,332336.55,49850.4825,282486.0675,220339.13265,62146.93484999999,21.999999999999996,Credit Card
ORD0899,2025-08-06,August,8,CUST0062,Delhi,Marketplace,Grocery,Cooking Oil,1,131.03,0.05,131.03,6.551500000000001,124.4785,89.62451999999999,34.85398000000001,28.000000000000007,Credit Card
ORD0900,2025-03-31,March,3,CUST0234,West Bengal,Online,Grocery,Rice,6,236.51,0.1,1419.06,141.906,1277.154,919.55088,357.60312,27.999999999999996,UPI
ORD0901,2025-09-26,September,9,CUST0180,Delhi,Online,Furniture,Bookshelf,3,17264.57,0.1,51793.71,5179.371,46614.339,31697.75052,14916.588479999999,31.999999999999996,Net Banking
ORD0902,2025-12-19,December,12,CUST0118,Delhi,Marketplace,Clothing,Jacket,3,1071.78,0.3,3215.34,964.602,2250.7380000000003,1237.9059000000002,1012.8321000000001,44.99999999999999,Debit Card
ORD0903,2025-09-28,September,9,CUST0026,Delhi,Online,Grocery,Biscuits,4,380.88,0.15,1523.52,228.528,1294.992,932.39424,362.59776,28.000000000000004,UPI
ORD0904,2025-05-03,May,5,CUST0253,Maharashtra,Marketplace,Beauty,Sunscreen,3,1712.24,0.05,5136.72,256.836,4879.884,2537.5396800000003,2342.3443199999997,47.99999999999999,Debit Card
ORD0905,2025-05-02,May,5,CUST0082,Uttar Pradesh,Retail Store,Office Supplies,File Folder,2,2408.53,0.15,4817.06,722.5590000000001,4094.501,2374.81058,1719.6904200000004,42.00000000000001,UPI
ORD0906,2025-03-09,March,3,CUST0111,Delhi,Online,Clothing,T-Shirt,5,4790.46,0.2,23952.3,4790.46,19161.84,10539.012,8622.828,44.99999999999999,UPI
ORD0907,2025-07-17,July,7,CUST0257,Karnataka,Marketplace,Furniture,Table,3,5043.69,0.2,15131.07,3026.214,12104.856,8231.302080000001,3873.5539199999985,31.99999999999999,UPI
ORD0908,2025-06-14,June,6,CUST0056,Telangana,Marketplace,Office Supplies,Printer Paper,7,2337.87,0.25,16365.09,4091.2725,12273.817500000001,7118.81415,5155.003350000001,42.00000000000001,UPI
ORD0909,2025-06-18,June,6,CUST0211,Uttar Pradesh,Retail Store,Office Supplies,Printer Paper,6,1277.67,0.1,7666.02,766.6020000000001,6899.418000000001,4001.66244,2897.7555600000005,42.00000000000001,UPI
ORD0910,2025-01-23,January,1,CUST0203,Gujarat,Online,Beauty,Face Wash,6,686.6,0.15,4119.6,617.94,3501.6600000000003,1820.8632000000002,1680.7968,48.0,Cash
ORD0911,2025-11-23,November,11,CUST0090,Rajasthan,Online,Office Supplies,Notebook,7,2370.58,0.05,16594.059999999998,829.703,15764.356999999998,9143.327059999998,6621.02994,42.00000000000001,Credit Card
ORD0912,2025-09-17,September,9,CUST0103,Telangana,Online,Electronics,Headphones,6,27560.91,0.15,165365.46,24804.819,140560.641,109637.29998000001,30923.341019999993,21.999999999999993,Cash
ORD0913,2025-03-01,March,3,CUST0217,Delhi,Retail Store,Electronics,Monitor,3,47665.25,0.05,142995.75,7149.7875,135845.9625,105959.85075,29886.111749999996,21.999999999999996,Credit Card
ORD0914,2025-10-07,October,10,CUST0207,Telangana,Online,Office Supplies,Stapler,5,212.95,0.15,1064.75,159.7125,905.0375,524.92175,380.11575000000005,42.00000000000001,Net Banking
ORD0915,2025-09-06,September,9,CUST0074,Madhya Pradesh,Marketplace,Electronics,Smartphone,3,23121.25,0.25,69363.75,17340.9375,52022.8125,40577.793750000004,11445.018749999996,21.999999999999993,Net Banking
ORD0916,2025-05-21,May,5,CUST0198,Rajasthan,Marketplace,Electronics,Keyboard,3,26569.43,0.2,79708.29000000001,15941.658000000003,63766.632000000005,49737.97296000001,14028.659039999999,21.999999999999996,Debit Card
ORD0917,2025-05-08,May,5,CUST0064,Karnataka,Retail Store,Furniture,Desk,5,5338.44,0.05,26692.199999999997,1334.61,25357.589999999997,17243.1612,8114.428799999998,31.999999999999996,Credit Card
ORD0918,2025-12-03,December,12,CUST0239,Madhya Pradesh,Retail Store,Grocery,Rice,5,158.74,0.2,793.7,158.74,634.96,457.1712,177.78880000000004,28.000000000000004,Credit Card
ORD0919,2025-02-28,February,2,CUST0057,Madhya Pradesh,Online,Clothing,T-Shirt,1,3401.23,0.2,3401.23,680.2460000000001,2720.984,1496.5412000000001,1224.4427999999998,44.99999999999999,Cash
ORD0920,2025-03-10,March,3,CUST0234,Maharashtra,Online,Grocery,Biscuits,1,123.89,0.15,123.89,18.5835,105.3065,75.82068,29.485820000000004,28.000000000000004,Cash
ORD0921,2025-01-02,January,1,CUST0273,Madhya Pradesh,Retail Store,Electronics,Headphones,1,32528.04,0.05,32528.04,1626.402,30901.638,24103.27764,6798.360359999999,21.999999999999996,Debit Card
ORD0922,2025-02-26,February,2,CUST0170,Madhya Pradesh,Marketplace,Furniture,Table,4,11553.86,0.05,46215.44,2310.7720000000004,43904.668000000005,29855.174240000004,14049.493760000001,32.0,Net Banking
ORD0923,2025-07-11,July,7,CUST0201,Rajasthan,Online,Grocery,Rice,6,187.91,0.1,1127.46,112.74600000000001,1014.714,730.59408,284.1199200000001,28.000000000000007,Cash
ORD0924,2025-03-02,March,3,CUST0186,West Bengal,Marketplace,Grocery,Coffee,3,272.86,0.05,818.58,40.929,777.6510000000001,559.90872,217.74228000000005,28.000000000000004,Debit Card
ORD0925,2025-06-30,June,6,CUST0260,Uttar Pradesh,Marketplace,Beauty,Face Wash,6,3476.14,0.2,20856.84,4171.368,16685.472,8676.445440000001,8009.02656,48.0,Debit Card
ORD0926,2025-04-22,April,4,CUST0017,Maharashtra,Online,Clothing,Formal Shirt,4,5063.33,0.1,20253.32,2025.332,18227.988,10025.3934,8202.5946,45.0,Debit Card
ORD0927,2025-04-25,April,4,CUST0228,Maharashtra,Retail Store,Office Supplies,Notebook,5,1649.82,0.0,8249.1,0.0,8249.1,4784.478,3464.6220000000003,42.00000000000001,Net Banking
ORD0928,2025-06-03,June,6,CUST0168,Rajasthan,Online,Grocery,Coffee,7,1056.67,0.15,7396.6900000000005,1109.5035,6287.186500000001,4526.7742800000005,1760.4122200000002,27.999999999999996,UPI
ORD0929,2025-07-08,July,7,CUST0126,Telangana,Online,Office Supplies,Notebook,2,1345.99,0.05,2691.98,134.59900000000002,2557.381,1483.2809799999998,1074.10002,42.00000000000001,UPI
ORD0930,2025-07-14,July,7,CUST0054,Tamil Nadu,Retail Store,Grocery,Cooking Oil,4,338.64,0.15,1354.56,203.184,1151.376,828.9907199999999,322.3852800000001,28.000000000000007,Net Banking
ORD0931,2025-03-28,March,3,CUST0080,Madhya Pradesh,Retail Store,Furniture,Cabinet,2,16426.04,0.05,32852.08,1642.6040000000003,31209.476000000002,21222.443680000004,9987.032319999998,31.999999999999996,Cash
ORD0932,2025-04-17,April,4,CUST0050,Madhya Pradesh,Marketplace,Office Supplies,Stapler,1,2248.08,0.15,2248.08,337.212,1910.868,1108.30344,802.56456,42.00000000000001,Net Banking
ORD0933,2025-08-23,August,8,CUST0183,West Bengal,Online,Clothing,Jeans,3,4182.86,0.3,12548.579999999998,3764.573999999999,8784.006,4831.2033,3952.8026999999993,44.99999999999999,Cash
ORD0934,2025-11-07,November,11,CUST0052,Delhi,Marketplace,Beauty,Perfume,4,1903.24,0.1,7612.96,761.296,6851.664,3562.86528,3288.79872,48.0,Debit Card
ORD0935,2025-04-23,April,4,CUST0068,Telangana,Online,Clothing,Sneakers,2,3889.4,0.1,7778.8,777.8800000000001,7000.92,3850.5060000000003,3150.4139999999998,44.99999999999999,Debit Card
ORD0936,2025-06-30,June,6,CUST0175,Telangana,Marketplace,Clothing,Jeans,7,1053.41,0.1,7373.870000000001,737.3870000000002,6636.483,3650.0656500000005,2986.4173499999997,44.99999999999999,UPI
ORD0937,2025-10-18,October,10,CUST0131,Maharashtra,Online,Beauty,Moisturizer,2,894.23,0.0,1788.46,0.0,1788.46,929.9992000000001,858.4608,48.0,Net Banking
ORD0938,2025-03-30,March,3,CUST0241,Delhi,Marketplace,Electronics,Laptop,4,15262.26,0.15,61049.04,9157.356,51891.684,40475.51352,11416.17048,22.0,Debit Card
ORD0939,2025-12-07,December,12,CUST0223,Gujarat,Retail Store,Electronics,Laptop,7,17588.03,0.2,123116.20999999999,24623.242,98492.968,76824.51504,21668.452959999995,21.999999999999996,Credit Card
ORD0940,2025-08-15,August,8,CUST0244,Rajasthan,Marketplace,Grocery,Rice,3,1052.03,0.3,3156.09,946.827,2209.263,1590.6693599999999,618.59364,28.000000000000004,UPI
ORD0941,2025-05-22,May,5,CUST0055,Maharashtra,Retail Store,Clothing,T-Shirt,1,2609.44,0.2,2609.44,521.888,2087.552,1148.1536,939.3984,45.0,UPI
ORD0942,2025-10-12,October,10,CUST0112,Madhya Pradesh,Online,Beauty,Perfume,6,1217.95,0.0,7307.700000000001,0.0,7307.700000000001,3800.0040000000004,3507.6960000000004,48.0,Credit Card
ORD0943,2025-03-15,March,3,CUST0052,Delhi,Online,Electronics,Monitor,7,8456.46,0.0,59195.219999999994,0.0,59195.219999999994,46172.2716,13022.948399999994,21.999999999999993,Debit Card
ORD0944,2025-03-28,March,3,CUST0069,Tamil Nadu,Marketplace,Beauty,Sunscreen,5,2439.58,0.1,12197.9,1219.79,10978.11,5708.617200000001,5269.4928,48.0,Cash
ORD0945,2025-11-23,November,11,CUST0096,Tamil Nadu,Online,Grocery,Rice,5,437.37,0.15,2186.85,328.0275,1858.8225,1338.3522,520.4703,27.999999999999996,Net Banking
ORD0946,2025-04-23,April,4,CUST0121,Gujarat,Retail Store,Clothing,Jeans,5,4178.14,0.1,20890.7,2089.07,18801.63,10340.8965,8460.7335,45.0,Credit Card
ORD0947,2025-10-09,October,10,CUST0161,Madhya Pradesh,Online,Electronics,Keyboard,4,22456.09,0.25,89824.36,22456.09,67368.27,52547.25060000001,14821.019399999997,21.999999999999993,Credit Card
ORD0948,2025-03-28,March,3,CUST0234,West Bengal,Marketplace,Furniture,Table,6,10098.68,0.1,60592.08,6059.2080000000005,54532.872,37082.352960000004,17450.51904,31.999999999999996,Debit Card
ORD0949,2025-08-06,August,8,CUST0226,Madhya Pradesh,Retail Store,Electronics,Laptop,2,39939.87,0.15,79879.74,11981.961000000001,67897.77900000001,52960.267620000006,14937.511380000004,22.000000000000004,Net Banking
ORD0950,2025-07-18,July,7,CUST0085,Karnataka,Retail Store,Beauty,Sunscreen,3,2958.59,0.05,8875.77,443.78850000000006,8431.9815,4384.6303800000005,4047.3511199999994,47.99999999999999,UPI
ORD0951,2025-10-08,October,10,CUST0233,Telangana,Online,Electronics,Laptop,1,11489.35,0.15,11489.35,1723.4025,9765.9475,7617.439050000001,2148.5084499999994,21.999999999999993,Cash
ORD0952,2025-03-30,March,3,CUST0154,Tamil Nadu,Online,Grocery,Coffee,4,1004.09,0.15,4016.36,602.454,3413.906,2458.01232,955.8936800000001,28.000000000000004,Net Banking
ORD0953,2025-05-01,May,5,CUST0110,Maharashtra,Online,Electronics,Laptop,3,36950.15,0.1,110850.45000000001,11085.045000000002,99765.40500000001,77817.01590000001,21948.3891,21.999999999999996,Net Banking
ORD0954,2025-09-25,September,9,CUST0019,Uttar Pradesh,Retail Store,Office Supplies,Notebook,1,2069.54,0.0,2069.54,0.0,2069.54,1200.3331999999998,869.2068000000002,42.00000000000001,Credit Card
ORD0955,2025-03-21,March,3,CUST0059,Uttar Pradesh,Online,Grocery,Biscuits,4,717.92,0.15,2871.68,430.75199999999995,2440.928,1757.46816,683.45984,28.000000000000004,Net Banking
ORD0956,2025-10-05,October,10,CUST0008,Delhi,Online,Electronics,Headphones,1,14849.08,0.1,14849.08,1484.9080000000001,13364.172,10424.054160000002,2940.117839999999,21.999999999999993,UPI
ORD0957,2025-01-01,January,1,CUST0080,Delhi,Online,Clothing,Jeans,6,5691.98,0.0,34151.88,0.0,34151.88,18783.534,15368.345999999998,44.99999999999999,UPI
ORD0958,2025-12-05,December,12,CUST0183,Tamil Nadu,Marketplace,Grocery,Cooking Oil,5,480.45,0.05,2402.25,120.11250000000001,2282.1375,1643.139,638.9984999999999,27.999999999999996,Credit Card
ORD0959,2025-04-05,April,4,CUST0272,Rajasthan,Online,Electronics,Headphones,7,26250.33,0.15,183752.31,27562.8465,156189.4635,121827.78153000001,34361.681970000005,22.0,Net Banking
ORD0960,2025-11-15,November,11,CUST0029,Madhya Pradesh,Online,Electronics,Headphones,6,34954.12,0.0,209724.72000000003,0.0,209724.72000000003,163585.28160000002,46139.438400000014,22.000000000000004,UPI
ORD0961,2025-09-26,September,9,CUST0214,Delhi,Online,Beauty,Face Wash,4,718.88,0.15,2875.52,431.328,2444.192,1270.97984,1173.21216,48.00000000000001,Credit Card
ORD0962,2025-01-29,January,1,CUST0046,Maharashtra,Online,Office Supplies,Pen Set,4,198.28,0.1,793.12,79.31200000000001,713.808,414.00863999999996,299.79936000000004,42.00000000000001,Credit Card
ORD0963,2025-08-25,August,8,CUST0272,West Bengal,Retail Store,Beauty,Sunscreen,7,2038.12,0.25,14266.84,3566.71,10700.130000000001,5564.0676,5136.062400000001,48.00000000000001,Net Banking
ORD0964,2025-03-27,March,3,CUST0258,Tamil Nadu,Retail Store,Electronics,Keyboard,7,14833.62,0.1,103835.34000000001,10383.534000000001,93451.80600000001,72892.40868000001,20559.397320000004,22.0,Debit Card
ORD0965,2025-12-08,December,12,CUST0268,Uttar Pradesh,Online,Office Supplies,File Folder,5,2048.58,0.2,10242.9,2048.58,8194.32,4752.705599999999,3441.6144000000004,42.00000000000001,Net Banking
ORD0966,2025-02-10,February,2,CUST0069,Gujarat,Online,Office Supplies,Notebook,6,192.07,0.15,1152.42,172.863,979.557,568.14306,411.41394,42.00000000000001,UPI
ORD0967,2025-07-27,July,7,CUST0077,Tamil Nadu,Marketplace,Beauty,Shampoo,2,2958.08,0.1,5916.16,591.616,5324.544,2768.76288,2555.7811199999996,47.99999999999999,Cash
ORD0968,2025-06-03,June,6,CUST0257,Karnataka,Marketplace,Furniture,Bookshelf,7,14261.44,0.05,99830.08,4991.504000000001,94838.576,64490.231680000004,30348.344319999997,31.999999999999996,Cash
ORD0969,2025-06-12,June,6,CUST0296,Madhya Pradesh,Online,Office Supplies,Printer Paper,5,1298.18,0.05,6490.900000000001,324.5450000000001,6166.3550000000005,3576.4859,2589.8691000000003,42.00000000000001,Cash
ORD0970,2025-05-27,May,5,CUST0235,Maharashtra,Online,Office Supplies,Printer Paper,4,1497.75,0.05,5991.0,299.55,5691.45,3301.0409999999997,2390.409,42.00000000000001,Cash
ORD0971,2025-03-25,March,3,CUST0087,Tamil Nadu,Marketplace,Beauty,Perfume,1,529.95,0.0,529.95,0.0,529.95,275.574,254.37600000000003,48.00000000000001,Debit Card
ORD0972,2025-06-24,June,6,CUST0009,Gujarat,Online,Grocery,Tea,4,601.45,0.0,2405.8,0.0,2405.8,1732.1760000000002,673.624,27.999999999999996,Credit Card
ORD0973,2025-04-22,April,4,CUST0189,Maharashtra,Retail Store,Beauty,Perfume,7,936.74,0.25,6557.18,1639.295,4917.885,2557.3002,2360.5848,48.0,Debit Card
ORD0974,2025-09-14,September,9,CUST0183,Madhya Pradesh,Marketplace,Grocery,Biscuits,5,1117.59,0.0,5587.95,0.0,5587.95,4023.3239999999996,1564.6260000000002,28.000000000000004,Debit Card
ORD0975,2025-07-07,July,7,CUST0095,Rajasthan,Online,Grocery,Coffee,4,1153.53,0.1,4614.12,461.41200000000003,4152.708,2989.9497599999995,1162.7582400000001,28.000000000000004,Credit Card
ORD0976,2025-02-28,February,2,CUST0300,Gujarat,Retail Store,Office Supplies,Pen Set,4,1491.6,0.05,5966.4,298.32,5668.08,3287.4864,2380.5936,42.00000000000001,Credit Card
ORD0977,2025-10-08,October,10,CUST0249,West Bengal,Online,Clothing,Sneakers,4,575.53,0.25,2302.12,575.53,1726.59,949.6245,776.9654999999999,44.99999999999999,UPI
ORD0978,2025-06-19,June,6,CUST0070,Delhi,Marketplace,Beauty,Sunscreen,6,1064.72,0.25,6388.32,1597.08,4791.24,2491.4447999999998,2299.7952,48.00000000000001,Debit Card
ORD0979,2025-07-07,July,7,CUST0055,Maharashtra,Online,Beauty,Sunscreen,1,3442.51,0.1,3442.51,344.25100000000003,3098.259,1611.0946800000002,1487.1643199999999,47.99999999999999,Net Banking
ORD0980,2025-01-22,January,1,CUST0202,Maharashtra,Online,Electronics,Headphones,5,26492.98,0.1,132464.9,13246.49,119218.40999999999,92990.35979999999,26228.050199999998,22.0,Net Banking
ORD0981,2025-05-21,May,5,CUST0172,Tamil Nadu,Marketplace,Furniture,Bookshelf,2,16730.62,0.05,33461.24,1673.062,31788.178,21615.961040000002,10172.216959999998,31.999999999999996,Net Banking
ORD0982,2025-09-10,September,9,CUST0033,Uttar Pradesh,Retail Store,Beauty,Moisturizer,1,1493.49,0.05,1493.49,74.67450000000001,1418.8155,737.78406,681.03144,48.0,Debit Card
ORD0983,2025-11-04,November,11,CUST0254,Madhya Pradesh,Marketplace,Electronics,Keyboard,3,16372.97,0.2,49118.909999999996,9823.782,39295.128,30650.199839999997,8644.92816,22.0,UPI
ORD0984,2025-08-22,August,8,CUST0286,Delhi,Marketplace,Beauty,Moisturizer,7,580.49,0.0,4063.4300000000003,0.0,4063.4300000000003,2112.9836,1950.4464000000003,48.00000000000001,Credit Card
ORD0985,2025-08-19,August,8,CUST0056,Gujarat,Marketplace,Electronics,Monitor,3,13893.51,0.1,41680.53,4168.053,37512.477,29259.73206,8252.74494,22.000000000000004,Credit Card
ORD0986,2025-12-19,December,12,CUST0226,Karnataka,Marketplace,Beauty,Shampoo,3,2070.46,0.1,6211.38,621.138,5590.242,2906.9258400000003,2683.31616,48.0,Net Banking
ORD0987,2025-12-16,December,12,CUST0025,Uttar Pradesh,Retail Store,Clothing,Sneakers,3,1513.21,0.1,4539.63,453.963,4085.667,2247.1168500000003,1838.5501499999996,44.99999999999999,Net Banking
ORD0988,2025-07-10,July,7,CUST0206,West Bengal,Retail Store,Electronics,Headphones,3,42524.86,0.15,127574.58,19136.186999999998,108438.39300000001,84581.94654,23856.446460000006,22.000000000000004,Credit Card
ORD0989,2025-01-13,January,1,CUST0256,Maharashtra,Retail Store,Office Supplies,Printer Paper,3,1215.25,0.2,3645.75,729.1500000000001,2916.6,1691.628,1224.972,42.0,Net Banking
ORD0990,2025-06-13,June,6,CUST0060,Tamil Nadu,Marketplace,Electronics,Headphones,6,44808.27,0.05,268849.62,13442.481,255407.139,199217.56842,56189.57058,22.0,Net Banking
ORD0991,2025-07-13,July,7,CUST0107,Karnataka,Retail Store,Furniture,Desk,7,7705.35,0.05,53937.450000000004,2696.8725000000004,51240.57750000001,34843.59270000001,16396.9848,31.999999999999996,Net Banking
ORD0992,2025-07-03,July,7,CUST0202,Delhi,Retail Store,Clothing,Sneakers,1,2240.06,0.3,2240.06,672.0179999999999,1568.042,862.4231,705.6188999999999,45.0,UPI
ORD0993,2025-05-15,May,5,CUST0194,Delhi,Retail Store,Furniture,Table,3,19356.05,0.1,58068.149999999994,5806.815,52261.33499999999,35537.7078,16723.627199999995,31.999999999999996,UPI
ORD0994,2025-09-01,September,9,CUST0216,Maharashtra,Marketplace,Grocery,Coffee,6,908.67,0.0,5452.0199999999995,0.0,5452.0199999999995,3925.4543999999996,1526.5656,28.000000000000004,Debit Card
ORD0995,2025-07-26,July,7,CUST0241,West Bengal,Marketplace,Office Supplies,Pen Set,2,859.85,0.1,1719.7,171.97000000000003,1547.73,897.6833999999999,650.0466000000001,42.00000000000001,Cash
ORD0996,2025-06-22,June,6,CUST0021,Uttar Pradesh,Marketplace,Grocery,Cooking Oil,3,1026.08,0.15,3078.24,461.73599999999993,2616.504,1883.88288,732.62112,28.000000000000004,UPI
ORD0997,2025-11-03,November,11,CUST0193,Maharashtra,Online,Office Supplies,Notebook,7,1921.59,0.1,13451.13,1345.113,12106.017,7021.48986,5084.52714,42.00000000000001,Cash
ORD0998,2025-10-30,October,10,CUST0135,Madhya Pradesh,Online,Office Supplies,Notebook,6,1857.86,0.1,11147.16,1114.7160000000001,10032.444,5818.81752,4213.62648,42.0,Net Banking
ORD0999,2025-01-26,January,1,CUST0051,Madhya Pradesh,Marketplace,Beauty,Face Wash,3,2323.8,0.0,6971.400000000001,0.0,6971.400000000001,3625.1280000000006,3346.272,47.99999999999999,Credit Card
ORD1000,2025-06-04,June,6,CUST0197,Karnataka,Online,Beauty,Perfume,7,513.63,0.0,3595.41,0.0,3595.41,1869.6132,1725.7967999999998,48.0,UPI
